participants,version,item number,conjunct,context,monotonicity,Rating,,,,,,,,,,,
24148,1,1,AND,REL,SAME,4,,,,,,,,,,,
197014,1,1,AND,REL,SAME,2,,,,,,,,,,,
24520,1,1,AND,REL,SAME,1,,,,,,,,,,,
23494,1,1,AND,REL,SAME,4,,,,,,,,,,,
24145,1,1,AND,REL,SAME,5,,,,,,,,,,,
23374,1,1,AND,REL,SAME,4,,,,,,,,,,,
23050,1,1,AND,REL,SAME,2,,,,,,,,,,,
24499,1,1,AND,REL,SAME,5,,,,,,,,,,,
22846,1,1,AND,REL,SAME,5,,,,,,,,,,,
24232,1,1,AND,REL,SAME,4,,,,,,,,,,,
23386,1,1,AND,REL,SAME,1,,,,,,,,,,,
23722,1,1,AND,REL,SAME,1,,,,,,,,,,,
23389,1,1,AND,REL,SAME,4,,,,,,,,,,,
25765,1,1,AND,REL,SAME,4,,,,,,,,,,,
24148,1,2,AND,NEU,SAME,4,,,,,,,,,,,
197014,1,2,AND,NEU,SAME,5,,,,,,,,,,,
24520,1,2,AND,NEU,SAME,2,,,,,,,,,,,
23494,1,2,AND,NEU,SAME,5,,,,,,,,,,,
24145,1,2,AND,NEU,SAME,5,,,,,,,,,,,
23374,1,2,AND,NEU,SAME,1,,,,,,,,,,,
23050,1,2,AND,NEU,SAME,2,,,,,,,,,,,
24499,1,2,AND,NEU,SAME,2,,,,,,,,,,,
22846,1,2,AND,NEU,SAME,5,,,,,,,,,,,
24232,1,2,AND,NEU,SAME,2,,,,,,,,,,,
23386,1,2,AND,NEU,SAME,1,,,,,,,,,,,
23722,1,2,AND,NEU,SAME,2,,,,,,,,,,,
23389,1,2,AND,NEU,SAME,5,,,,,,,,,,,
25765,1,2,AND,NEU,SAME,4,,,,,,,,,,,
24148,1,3,AND,REL,OPPOSITE,5,,,,,,,,,,,
197014,1,3,AND,REL,OPPOSITE,4,,,,,,,,,,,
24520,1,3,AND,REL,OPPOSITE,3,,,,,,,,,,,
23494,1,3,AND,REL,OPPOSITE,5,,,,,,,,,,,
24145,1,3,AND,REL,OPPOSITE,2,,,,,,,,,,,
23374,1,3,AND,REL,OPPOSITE,5,,,,,,,,,,,
23050,1,3,AND,REL,OPPOSITE,3,,,,,,,,,,,
24499,1,3,AND,REL,OPPOSITE,3,,,,,,,,,,,
22846,1,3,AND,REL,OPPOSITE,3,,,,,,,,,,,
24232,1,3,AND,REL,OPPOSITE,1,,,,,,,,,,,
23386,1,3,AND,REL,OPPOSITE,4,,,,,,,,,,,
23722,1,3,AND,REL,OPPOSITE,3,,,,,,,,,,,
23389,1,3,AND,REL,OPPOSITE,5,,,,,,,,,,,
25765,1,3,AND,REL,OPPOSITE,1,,,,,,,,,,,
24148,1,4,AND,NEU,OPPOSITE,5,,,,,,,,,,,
197014,1,4,AND,NEU,OPPOSITE,4,,,,,,,,,,,
24520,1,4,AND,NEU,OPPOSITE,4,,,,,,,,,,,
23494,1,4,AND,NEU,OPPOSITE,1,,,,,,,,,,,
24145,1,4,AND,NEU,OPPOSITE,5,,,,,,,,,,,
23374,1,4,AND,NEU,OPPOSITE,2,,,,,,,,,,,
23050,1,4,AND,NEU,OPPOSITE,3,,,,,,,,,,,
24499,1,4,AND,NEU,OPPOSITE,2,,,,,,,,,,,
22846,1,4,AND,NEU,OPPOSITE,5,,,,,,,,,,,
24232,1,4,AND,NEU,OPPOSITE,1,,,,,,,,,,,
23386,1,4,AND,NEU,OPPOSITE,2,,,,,,,,,,,
23722,1,4,AND,NEU,OPPOSITE,4,,,,,,,,,,,
23389,1,4,AND,NEU,OPPOSITE,5,,,,,,,,,,,
25765,1,4,AND,NEU,OPPOSITE,1,,,,,,,,,,,
24148,1,5,AND,REL,SAME,5,,,,,,,,,,,
197014,1,5,AND,REL,SAME,3,,,,,,,,,,,
24520,1,5,AND,REL,SAME,3,,,,,,,,,,,
23494,1,5,AND,REL,SAME,5,,,,,,,,,,,
24145,1,5,AND,REL,SAME,1,,,,,,,,,,,
23374,1,5,AND,REL,SAME,4,,,,,,,,,,,
23050,1,5,AND,REL,SAME,1,,,,,,,,,,,
24499,1,5,AND,REL,SAME,1,,,,,,,,,,,
22846,1,5,AND,REL,SAME,2,,,,,,,,,,,
24232,1,5,AND,REL,SAME,3,,,,,,,,,,,
23386,1,5,AND,REL,SAME,2,,,,,,,,,,,
23722,1,5,AND,REL,SAME,1,,,,,,,,,,,
23389,1,5,AND,REL,SAME,3,,,,,,,,,,,
25765,1,5,AND,REL,SAME,5,,,,,,,,,,,
24148,1,6,AND,NEU,SAME,1,,,,,,,,,,,
197014,1,6,AND,NEU,SAME,1,,,,,,,,,,,
24520,1,6,AND,NEU,SAME,2,,,,,,,,,,,
23494,1,6,AND,NEU,SAME,2,,,,,,,,,,,
24145,1,6,AND,NEU,SAME,2,,,,,,,,,,,
23374,1,6,AND,NEU,SAME,3,,,,,,,,,,,
23050,1,6,AND,NEU,SAME,2,,,,,,,,,,,
24499,1,6,AND,NEU,SAME,1,,,,,,,,,,,
22846,1,6,AND,NEU,SAME,3,,,,,,,,,,,
24232,1,6,AND,NEU,SAME,5,,,,,,,,,,,
23386,1,6,AND,NEU,SAME,2,,,,,,,,,,,
23722,1,6,AND,NEU,SAME,2,,,,,,,,,,,
23389,1,6,AND,NEU,SAME,2,,,,,,,,,,,
25765,1,6,AND,NEU,SAME,5,,,,,,,,,,,
24148,1,7,AND,REL,OPPOSITE,2,,,,,,,,,,,
197014,1,7,AND,REL,OPPOSITE,5,,,,,,,,,,,
24520,1,7,AND,REL,OPPOSITE,5,,,,,,,,,,,
23494,1,7,AND,REL,OPPOSITE,2,,,,,,,,,,,
24145,1,7,AND,REL,OPPOSITE,3,,,,,,,,,,,
23374,1,7,AND,REL,OPPOSITE,1,,,,,,,,,,,
23050,1,7,AND,REL,OPPOSITE,3,,,,,,,,,,,
24499,1,7,AND,REL,OPPOSITE,5,,,,,,,,,,,
22846,1,7,AND,REL,OPPOSITE,5,,,,,,,,,,,
24232,1,7,AND,REL,OPPOSITE,4,,,,,,,,,,,
23386,1,7,AND,REL,OPPOSITE,4,,,,,,,,,,,
23722,1,7,AND,REL,OPPOSITE,5,,,,,,,,,,,
23389,1,7,AND,REL,OPPOSITE,5,,,,,,,,,,,
25765,1,7,AND,REL,OPPOSITE,5,,,,,,,,,,,
24148,1,8,AND,NEU,OPPOSITE,4,,,,,,,,,,,
197014,1,8,AND,NEU,OPPOSITE,5,,,,,,,,,,,
24520,1,8,AND,NEU,OPPOSITE,4,,,,,,,,,,,
23494,1,8,AND,NEU,OPPOSITE,5,,,,,,,,,,,
24145,1,8,AND,NEU,OPPOSITE,5,,,,,,,,,,,
23374,1,8,AND,NEU,OPPOSITE,4,,,,,,,,,,,
23050,1,8,AND,NEU,OPPOSITE,4,,,,,,,,,,,
24499,1,8,AND,NEU,OPPOSITE,2,,,,,,,,,,,
22846,1,8,AND,NEU,OPPOSITE,4,,,,,,,,,,,
24232,1,8,AND,NEU,OPPOSITE,3,,,,,,,,,,,
23386,1,8,AND,NEU,OPPOSITE,5,,,,,,,,,,,
23722,1,8,AND,NEU,OPPOSITE,3,,,,,,,,,,,
23389,1,8,AND,NEU,OPPOSITE,5,,,,,,,,,,,
25765,1,8,AND,NEU,OPPOSITE,5,,,,,,,,,,,
24148,1,9,AND,REL,SAME,2,,,,,,,,,,,
197014,1,9,AND,REL,SAME,4,,,,,,,,,,,
24520,1,9,AND,REL,SAME,1,,,,,,,,,,,
23494,1,9,AND,REL,SAME,4,,,,,,,,,,,
24145,1,9,AND,REL,SAME,5,,,,,,,,,,,
23374,1,9,AND,REL,SAME,4,,,,,,,,,,,
23050,1,9,AND,REL,SAME,2,,,,,,,,,,,
24499,1,9,AND,REL,SAME,1,,,,,,,,,,,
22846,1,9,AND,REL,SAME,3,,,,,,,,,,,
24232,1,9,AND,REL,SAME,2,,,,,,,,,,,
23386,1,9,AND,REL,SAME,1,,,,,,,,,,,
23722,1,9,AND,REL,SAME,2,,,,,,,,,,,
23389,1,9,AND,REL,SAME,2,,,,,,,,,,,
25765,1,9,AND,REL,SAME,5,,,,,,,,,,,
24148,1,10,AND,NEU,SAME,4,,,,,,,,,,,
197014,1,10,AND,NEU,SAME,2,,,,,,,,,,,
24520,1,10,AND,NEU,SAME,2,,,,,,,,,,,
23494,1,10,AND,NEU,SAME,4,,,,,,,,,,,
24145,1,10,AND,NEU,SAME,3,,,,,,,,,,,
23374,1,10,AND,NEU,SAME,2,,,,,,,,,,,
23050,1,10,AND,NEU,SAME,2,,,,,,,,,,,
24499,1,10,AND,NEU,SAME,3,,,,,,,,,,,
22846,1,10,AND,NEU,SAME,2,,,,,,,,,,,
24232,1,10,AND,NEU,SAME,2,,,,,,,,,,,
23386,1,10,AND,NEU,SAME,5,,,,,,,,,,,
23722,1,10,AND,NEU,SAME,3,,,,,,,,,,,
23389,1,10,AND,NEU,SAME,3,,,,,,,,,,,
25765,1,10,AND,NEU,SAME,5,,,,,,,,,,,
24148,1,11,AND,REL,OPPOSITE,1,,,,,,,,,,,
197014,1,11,AND,REL,OPPOSITE,1,,,,,,,,,,,
24520,1,11,AND,REL,OPPOSITE,5,,,,,,,,,,,
23494,1,11,AND,REL,OPPOSITE,2,,,,,,,,,,,
24145,1,11,AND,REL,OPPOSITE,1,,,,,,,,,,,
23374,1,11,AND,REL,OPPOSITE,2,,,,,,,,,,,
23050,1,11,AND,REL,OPPOSITE,1,,,,,,,,,,,
24499,1,11,AND,REL,OPPOSITE,1,,,,,,,,,,,
22846,1,11,AND,REL,OPPOSITE,1,,,,,,,,,,,
24232,1,11,AND,REL,OPPOSITE,1,,,,,,,,,,,
23386,1,11,AND,REL,OPPOSITE,2,,,,,,,,,,,
23722,1,11,AND,REL,OPPOSITE,1,,,,,,,,,,,
23389,1,11,AND,REL,OPPOSITE,2,,,,,,,,,,,
25765,1,11,AND,REL,OPPOSITE,2,,,,,,,,,,,
24148,1,12,AND,NEU,OPPOSITE,2,,,,,,,,,,,
197014,1,12,AND,NEU,OPPOSITE,1,,,,,,,,,,,
24520,1,12,AND,NEU,OPPOSITE,2,,,,,,,,,,,
23494,1,12,AND,NEU,OPPOSITE,2,,,,,,,,,,,
24145,1,12,AND,NEU,OPPOSITE,2,,,,,,,,,,,
23374,1,12,AND,NEU,OPPOSITE,1,,,,,,,,,,,
23050,1,12,AND,NEU,OPPOSITE,1,,,,,,,,,,,
24499,1,12,AND,NEU,OPPOSITE,1,,,,,,,,,,,
22846,1,12,AND,NEU,OPPOSITE,3,,,,,,,,,,,
24232,1,12,AND,NEU,OPPOSITE,1,,,,,,,,,,,
23386,1,12,AND,NEU,OPPOSITE,5,,,,,,,,,,,
23722,1,12,AND,NEU,OPPOSITE,1,,,,,,,,,,,
23389,1,12,AND,NEU,OPPOSITE,4,,,,,,,,,,,
25765,1,12,AND,NEU,OPPOSITE,4,,,,,,,,,,,
24187,2,1,AND,NEUTRAL,SAME,3,,,,,,,,,,,
25846,2,1,AND,NEUTRAL,SAME,4,,,,,,,,,,,
24160,2,1,AND,NEUTRAL,SAME,3,,,,,,,,,,,
24694,2,1,AND,NEUTRAL,SAME,3,,,,,,,,,,,
22519,2,1,AND,NEUTRAL,SAME,5,,,,,,,,,,,
20395,2,1,AND,NEUTRAL,SAME,4,,,,,,,,,,,
21670,2,1,AND,NEUTRAL,SAME,5,,,,,,,,,,,
24463,2,1,AND,NEUTRAL,SAME,4,,,,,,,,,,,
24187,2,2,AND,REL,OPPOSITE,1,,,,,,,,,,,
25846,2,2,AND,REL,OPPOSITE,2,,,,,,,,,,,
24160,2,2,AND,REL,OPPOSITE,2,,,,,,,,,,,
24694,2,2,AND,REL,OPPOSITE,2,,,,,,,,,,,
22519,2,2,AND,REL,OPPOSITE,3,,,,,,,,,,,
20395,2,2,AND,REL,OPPOSITE,4,,,,,,,,,,,
21670,2,2,AND,REL,OPPOSITE,5,,,,,,,,,,,
24463,2,2,AND,REL,OPPOSITE,3,,,,,,,,,,,
24187,2,3,AND,NEUTRAL,OPPOSITE,2,,,,,,,,,,,
25846,2,3,AND,NEUTRAL,OPPOSITE,5,,,,,,,,,,,
24160,2,3,AND,NEUTRAL,OPPOSITE,5,,,,,,,,,,,
24694,2,3,AND,NEUTRAL,OPPOSITE,5,,,,,,,,,,,
22519,2,3,AND,NEUTRAL,OPPOSITE,2,,,,,,,,,,,
20395,2,3,AND,NEUTRAL,OPPOSITE,3,,,,,,,,,,,
21670,2,3,AND,NEUTRAL,OPPOSITE,4,,,,,,,,,,,
24463,2,3,AND,NEUTRAL,OPPOSITE,2,,,,,,,,,,,
24187,2,4,AND,REL,SAME,3,,,,,,,,,,,
25846,2,4,AND,REL,SAME,5,,,,,,,,,,,
24160,2,4,AND,REL,SAME,3,,,,,,,,,,,
24694,2,4,AND,REL,SAME,5,,,,,,,,,,,
22519,2,4,AND,REL,SAME,5,,,,,,,,,,,
20395,2,4,AND,REL,SAME,4,,,,,,,,,,,
21670,2,4,AND,REL,SAME,4,,,,,,,,,,,
24463,2,4,AND,REL,SAME,4,,,,,,,,,,,
24187,2,5,AND,NEUTRAL,SAME,2,,,,,,,,,,,
25846,2,5,AND,NEUTRAL,SAME,4,,,,,,,,,,,
24160,2,5,AND,NEUTRAL,SAME,2,,,,,,,,,,,
24694,2,5,AND,NEUTRAL,SAME,4,,,,,,,,,,,
22519,2,5,AND,NEUTRAL,SAME,1,,,,,,,,,,,
20395,2,5,AND,NEUTRAL,SAME,3,,,,,,,,,,,
21670,2,5,AND,NEUTRAL,SAME,4,,,,,,,,,,,
24463,2,5,AND,NEUTRAL,SAME,3,,,,,,,,,,,
24187,2,6,AND,REL,OPPOSITE,3,,,,,,,,,,,
25846,2,6,AND,REL,OPPOSITE,5,,,,,,,,,,,
24160,2,6,AND,REL,OPPOSITE,2,,,,,,,,,,,
24694,2,6,AND,REL,OPPOSITE,5,,,,,,,,,,,
22519,2,6,AND,REL,OPPOSITE,4,,,,,,,,,,,
20395,2,6,AND,REL,OPPOSITE,5,,,,,,,,,,,
21670,2,6,AND,REL,OPPOSITE,5,,,,,,,,,,,
24463,2,6,AND,REL,OPPOSITE,5,,,,,,,,,,,
24187,2,7,AND,NEUTRAL,OPPOSITE,3,,,,,,,,,,,
25846,2,7,AND,NEUTRAL,OPPOSITE,5,,,,,,,,,,,
24160,2,7,AND,NEUTRAL,OPPOSITE,4,,,,,,,,,,,
24694,2,7,AND,NEUTRAL,OPPOSITE,5,,,,,,,,,,,
22519,2,7,AND,NEUTRAL,OPPOSITE,3,,,,,,,,,,,
20395,2,7,AND,NEUTRAL,OPPOSITE,4,,,,,,,,,,,
21670,2,7,AND,NEUTRAL,OPPOSITE,5,,,,,,,,,,,
24463,2,7,AND,NEUTRAL,OPPOSITE,4,,,,,,,,,,,
24187,2,8,AND,REL,SAME,1,,,,,,,,,,,
25846,2,8,AND,REL,SAME,4,,,,,,,,,,,
24160,2,8,AND,REL,SAME,4,,,,,,,,,,,
24694,2,8,AND,REL,SAME,5,,,,,,,,,,,
22519,2,8,AND,REL,SAME,5,,,,,,,,,,,
20395,2,8,AND,REL,SAME,4,,,,,,,,,,,
21670,2,8,AND,REL,SAME,5,,,,,,,,,,,
24463,2,8,AND,REL,SAME,5,,,,,,,,,,,
24187,2,9,AND,NEUTRAL,SAME,2,,,,,,,,,,,
25846,2,9,AND,NEUTRAL,SAME,4,,,,,,,,,,,
24160,2,9,AND,NEUTRAL,SAME,2,,,,,,,,,,,
24694,2,9,AND,NEUTRAL,SAME,2,,,,,,,,,,,
22519,2,9,AND,NEUTRAL,SAME,4,,,,,,,,,,,
20395,2,9,AND,NEUTRAL,SAME,4,,,,,,,,,,,
21670,2,9,AND,NEUTRAL,SAME,4,,,,,,,,,,,
24463,2,9,AND,NEUTRAL,SAME,3,,,,,,,,,,,
24187,2,10,AND,REL,OPPOSITE,2,,,,,,,,,,,
25846,2,10,AND,REL,OPPOSITE,3,,,,,,,,,,,
24160,2,10,AND,REL,OPPOSITE,2,,,,,,,,,,,
24694,2,10,AND,REL,OPPOSITE,1,,,,,,,,,,,
22519,2,10,AND,REL,OPPOSITE,2,,,,,,,,,,,
20395,2,10,AND,REL,OPPOSITE,3,,,,,,,,,,,
21670,2,10,AND,REL,OPPOSITE,5,,,,,,,,,,,
24463,2,10,AND,REL,OPPOSITE,4,,,,,,,,,,,
24187,2,11,AND,NEUTRAL,OPPOSITE,1,,,,,,,,,,,
25846,2,11,AND,NEUTRAL,OPPOSITE,1,,,,,,,,,,,
24160,2,11,AND,NEUTRAL,OPPOSITE,2,,,,,,,,,,,
24694,2,11,AND,NEUTRAL,OPPOSITE,1,,,,,,,,,,,
22519,2,11,AND,NEUTRAL,OPPOSITE,3,,,,,,,,,,,
20395,2,11,AND,NEUTRAL,OPPOSITE,5,,,,,,,,,,,
21670,2,11,AND,NEUTRAL,OPPOSITE,4,,,,,,,,,,,
24463,2,11,AND,NEUTRAL,OPPOSITE,3,,,,,,,,,,,
24187,2,12,AND,REL,SAME,1,,,,,,,,,,,
25846,2,12,AND,REL,SAME,5,,,,,,,,,,,
24160,2,12,AND,REL,SAME,1,,,,,,,,,,,
24694,2,12,AND,REL,SAME,5,,,,,,,,,,,
22519,2,12,AND,REL,SAME,5,,,,,,,,,,,
20395,2,12,AND,REL,SAME,4,,,,,,,,,,,
21670,2,12,AND,REL,SAME,4,,,,,,,,,,,
24463,2,12,AND,REL,SAME,5,,,,,,,,,,,
23641,3,1,AND,REL,OPPOSITE,3,,,,,,,,,,,
24601,3,1,AND,REL,OPPOSITE,2,,,,,,,,,,,
21394,3,1,AND,REL,OPPOSITE,1,,,,,,,,,,,
24190,3,1,AND,REL,OPPOSITE,3,,,,,,,,,,,
24541,3,1,AND,REL,OPPOSITE,4,,,,,,,,,,,
24157,3,1,AND,REL,OPPOSITE,2,,,,,,,,,,,
24619,3,1,AND,REL,OPPOSITE,3,,,,,,,,,,,
24673,3,1,AND,REL,OPPOSITE,3,,,,,,,,,,,
23398,3,1,AND,REL,OPPOSITE,4,,,,,,,,,,,
20617,3,1,AND,REL,OPPOSITE,4,,,,,,,,,,,
206206,3,1,AND,REL,OPPOSITE,3,,,,,,,,,,,
22576,3,1,AND,REL,OPPOSITE,4,,,,,,,,,,,
23863,3,1,AND,REL,OPPOSITE,1,,,,,,,,,,,
23563,3,1,AND,REL,OPPOSITE,1,,,,,,,,,,,
21016,3,1,AND,REL,OPPOSITE,4,,,,,,,,,,,
23641,3,2,AND,NEUTRAL,OPPOSITE,4,,,,,,,,,,,
24601,3,2,AND,NEUTRAL,OPPOSITE,4,,,,,,,,,,,
21394,3,2,AND,NEUTRAL,OPPOSITE,2,,,,,,,,,,,
24190,3,2,AND,NEUTRAL,OPPOSITE,3,,,,,,,,,,,
24541,3,2,AND,NEUTRAL,OPPOSITE,4,,,,,,,,,,,
24157,3,2,AND,NEUTRAL,OPPOSITE,4,,,,,,,,,,,
24619,3,2,AND,NEUTRAL,OPPOSITE,4,,,,,,,,,,,
24673,3,2,AND,NEUTRAL,OPPOSITE,4,,,,,,,,,,,
23398,3,2,AND,NEUTRAL,OPPOSITE,5,,,,,,,,,,,
20617,3,2,AND,NEUTRAL,OPPOSITE,3,,,,,,,,,,,
206206,3,2,AND,NEUTRAL,OPPOSITE,4,,,,,,,,,,,
22576,3,2,AND,NEUTRAL,OPPOSITE,3,,,,,,,,,,,
23863,3,2,AND,NEUTRAL,OPPOSITE,1,,,,,,,,,,,
23563,3,2,AND,NEUTRAL,OPPOSITE,1,,,,,,,,,,,
21016,3,2,AND,NEUTRAL,OPPOSITE,4,,,,,,,,,,,
23641,3,3,AND,REL,SAME,2,,,,,,,,,,,
24601,3,3,AND,REL,SAME,5,,,,,,,,,,,
21394,3,3,AND,REL,SAME,3,,,,,,,,,,,
24190,3,3,AND,REL,SAME,4,,,,,,,,,,,
24541,3,3,AND,REL,SAME,5,,,,,,,,,,,
24157,3,3,AND,REL,SAME,5,,,,,,,,,,,
24619,3,3,AND,REL,SAME,5,,,,,,,,,,,
24673,3,3,AND,REL,SAME,3,,,,,,,,,,,
23398,3,3,AND,REL,SAME,5,,,,,,,,,,,
20617,3,3,AND,REL,SAME,4,,,,,,,,,,,
206206,3,3,AND,REL,SAME,2,,,,,,,,,,,
22576,3,3,AND,REL,SAME,5,,,,,,,,,,,
23863,3,3,AND,REL,SAME,5,,,,,,,,,,,
23563,3,3,AND,REL,SAME,5,,,,,,,,,,,
21016,3,3,AND,REL,SAME,4,,,,,,,,,,,
23641,3,4,AND,NEUTRAL,SAME,4,,,,,,,,,,,
24601,3,4,AND,NEUTRAL,SAME,4,,,,,,,,,,,
21394,3,4,AND,NEUTRAL,SAME,5,,,,,,,,,,,
24190,3,4,AND,NEUTRAL,SAME,4,,,,,,,,,,,
24541,3,4,AND,NEUTRAL,SAME,5,,,,,,,,,,,
24157,3,4,AND,NEUTRAL,SAME,5,,,,,,,,,,,
24619,3,4,AND,NEUTRAL,SAME,4,,,,,,,,,,,
24673,3,4,AND,NEUTRAL,SAME,3,,,,,,,,,,,
23398,3,4,AND,NEUTRAL,SAME,5,,,,,,,,,,,
20617,3,4,AND,NEUTRAL,SAME,4,,,,,,,,,,,
206206,3,4,AND,NEUTRAL,SAME,4,,,,,,,,,,,
22576,3,4,AND,NEUTRAL,SAME,5,,,,,,,,,,,
23863,3,4,AND,NEUTRAL,SAME,2,,,,,,,,,,,
23563,3,4,AND,NEUTRAL,SAME,3,,,,,,,,,,,
21016,3,4,AND,NEUTRAL,SAME,5,,,,,,,,,,,
23641,3,5,AND,REL,OPPOSITE,3,,,,,,,,,,,
24601,3,5,AND,REL,OPPOSITE,5,,,,,,,,,,,
21394,3,5,AND,REL,OPPOSITE,1,,,,,,,,,,,
24190,3,5,AND,REL,OPPOSITE,1,,,,,,,,,,,
24541,3,5,AND,REL,OPPOSITE,2,,,,,,,,,,,
24157,3,5,AND,REL,OPPOSITE,2,,,,,,,,,,,
24619,3,5,AND,REL,OPPOSITE,3,,,,,,,,,,,
24673,3,5,AND,REL,OPPOSITE,4,,,,,,,,,,,
23398,3,5,AND,REL,OPPOSITE,2,,,,,,,,,,,
20617,3,5,AND,REL,OPPOSITE,2,,,,,,,,,,,
206206,3,5,AND,REL,OPPOSITE,4,,,,,,,,,,,
22576,3,5,AND,REL,OPPOSITE,5,,,,,,,,,,,
23863,3,5,AND,REL,OPPOSITE,1,,,,,,,,,,,
23563,3,5,AND,REL,OPPOSITE,2,,,,,,,,,,,
21016,3,5,AND,REL,OPPOSITE,4,,,,,,,,,,,
23641,3,6,AND,NEUTRAL,OPPOSITE,2,,,,,,,,,,,
24601,3,6,AND,NEUTRAL,OPPOSITE,5,,,,,,,,,,,
21394,3,6,AND,NEUTRAL,OPPOSITE,4,,,,,,,,,,,
24190,3,6,AND,NEUTRAL,OPPOSITE,5,,,,,,,,,,,
24541,3,6,AND,NEUTRAL,OPPOSITE,3,,,,,,,,,,,
24157,3,6,AND,NEUTRAL,OPPOSITE,4,,,,,,,,,,,
24619,3,6,AND,NEUTRAL,OPPOSITE,4,,,,,,,,,,,
24673,3,6,AND,NEUTRAL,OPPOSITE,4,,,,,,,,,,,
23398,3,6,AND,NEUTRAL,OPPOSITE,4,,,,,,,,,,,
20617,3,6,AND,NEUTRAL,OPPOSITE,4,,,,,,,,,,,
206206,3,6,AND,NEUTRAL,OPPOSITE,2,,,,,,,,,,,
22576,3,6,AND,NEUTRAL,OPPOSITE,3,,,,,,,,,,,
23863,3,6,AND,NEUTRAL,OPPOSITE,3,,,,,,,,,,,
23563,3,6,AND,NEUTRAL,OPPOSITE,2,,,,,,,,,,,
21016,3,6,AND,NEUTRAL,OPPOSITE,5,,,,,,,,,,,
23641,3,7,AND,REL,SAME,5,,,,,,,,,,,
24601,3,7,AND,REL,SAME,5,,,,,,,,,,,
21394,3,7,AND,REL,SAME,1,,,,,,,,,,,
24190,3,7,AND,REL,SAME,3,,,,,,,,,,,
24541,3,7,AND,REL,SAME,5,,,,,,,,,,,
24157,3,7,AND,REL,SAME,4,,,,,,,,,,,
24619,3,7,AND,REL,SAME,5,,,,,,,,,,,
24673,3,7,AND,REL,SAME,3,,,,,,,,,,,
23398,3,7,AND,REL,SAME,4,,,,,,,,,,,
20617,3,7,AND,REL,SAME,4,,,,,,,,,,,
206206,3,7,AND,REL,SAME,5,,,,,,,,,,,
22576,3,7,AND,REL,SAME,3,,,,,,,,,,,
23863,3,7,AND,REL,SAME,1,,,,,,,,,,,
23563,3,7,AND,REL,SAME,1,,,,,,,,,,,
21016,3,7,AND,REL,SAME,4,,,,,,,,,,,
23641,3,8,AND,NEUTRAL,SAME,5,,,,,,,,,,,
24601,3,8,AND,NEUTRAL,SAME,5,,,,,,,,,,,
21394,3,8,AND,NEUTRAL,SAME,4,,,,,,,,,,,
24190,3,8,AND,NEUTRAL,SAME,1,,,,,,,,,,,
24541,3,8,AND,NEUTRAL,SAME,5,,,,,,,,,,,
24157,3,8,AND,NEUTRAL,SAME,2,,,,,,,,,,,
24619,3,8,AND,NEUTRAL,SAME,4,,,,,,,,,,,
24673,3,8,AND,NEUTRAL,SAME,1,,,,,,,,,,,
23398,3,8,AND,NEUTRAL,SAME,5,,,,,,,,,,,
20617,3,8,AND,NEUTRAL,SAME,4,,,,,,,,,,,
206206,3,8,AND,NEUTRAL,SAME,5,,,,,,,,,,,
22576,3,8,AND,NEUTRAL,SAME,5,,,,,,,,,,,
23863,3,8,AND,NEUTRAL,SAME,2,,,,,,,,,,,
23563,3,8,AND,NEUTRAL,SAME,1,,,,,,,,,,,
21016,3,8,AND,NEUTRAL,SAME,2,,,,,,,,,,,
23641,3,9,AND,REL,OPPOSITE,1,,,,,,,,,,,
24601,3,9,AND,REL,OPPOSITE,2,,,,,,,,,,,
21394,3,9,AND,REL,OPPOSITE,2,,,,,,,,,,,
24190,3,9,AND,REL,OPPOSITE,4,,,,,,,,,,,
24541,3,9,AND,REL,OPPOSITE,1,,,,,,,,,,,
24157,3,9,AND,REL,OPPOSITE,1,,,,,,,,,,,
24619,3,9,AND,REL,OPPOSITE,3,,,,,,,,,,,
24673,3,9,AND,REL,OPPOSITE,3,,,,,,,,,,,
23398,3,9,AND,REL,OPPOSITE,2,,,,,,,,,,,
20617,3,9,AND,REL,OPPOSITE,2,,,,,,,,,,,
206206,3,9,AND,REL,OPPOSITE,2,,,,,,,,,,,
22576,3,9,AND,REL,OPPOSITE,1,,,,,,,,,,,
23863,3,9,AND,REL,OPPOSITE,2,,,,,,,,,,,
23563,3,9,AND,REL,OPPOSITE,1,,,,,,,,,,,
21016,3,9,AND,REL,OPPOSITE,3,,,,,,,,,,,
23641,3,10,AND,NEUTRAL,OPPOSITE,1,,,,,,,,,,,
24601,3,10,AND,NEUTRAL,OPPOSITE,2,,,,,,,,,,,
21394,3,10,AND,NEUTRAL,OPPOSITE,2,,,,,,,,,,,
24190,3,10,AND,NEUTRAL,OPPOSITE,3,,,,,,,,,,,
24541,3,10,AND,NEUTRAL,OPPOSITE,1,,,,,,,,,,,
24157,3,10,AND,NEUTRAL,OPPOSITE,2,,,,,,,,,,,
24619,3,10,AND,NEUTRAL,OPPOSITE,3,,,,,,,,,,,
24673,3,10,AND,NEUTRAL,OPPOSITE,2,,,,,,,,,,,
23398,3,10,AND,NEUTRAL,OPPOSITE,3,,,,,,,,,,,
20617,3,10,AND,NEUTRAL,OPPOSITE,2,,,,,,,,,,,
206206,3,10,AND,NEUTRAL,OPPOSITE,2,,,,,,,,,,,
22576,3,10,AND,NEUTRAL,OPPOSITE,1,,,,,,,,,,,
23863,3,10,AND,NEUTRAL,OPPOSITE,2,,,,,,,,,,,
23563,3,10,AND,NEUTRAL,OPPOSITE,3,,,,,,,,,,,
21016,3,10,AND,NEUTRAL,OPPOSITE,4,,,,,,,,,,,
23641,3,11,AND,REL,SAME,4,,,,,,,,,,,
24601,3,11,AND,REL,SAME,5,,,,,,,,,,,
21394,3,11,AND,REL,SAME,5,,,,,,,,,,,
24190,3,11,AND,REL,SAME,5,,,,,,,,,,,
24541,3,11,AND,REL,SAME,3,,,,,,,,,,,
24157,3,11,AND,REL,SAME,4,,,,,,,,,,,
24619,3,11,AND,REL,SAME,2,,,,,,,,,,,
24673,3,11,AND,REL,SAME,4,,,,,,,,,,,
23398,3,11,AND,REL,SAME,2,,,,,,,,,,,
20617,3,11,AND,REL,SAME,5,,,,,,,,,,,
206206,3,11,AND,REL,SAME,4,,,,,,,,,,,
22576,3,11,AND,REL,SAME,1,,,,,,,,,,,
23863,3,11,AND,REL,SAME,5,,,,,,,,,,,
23563,3,11,AND,REL,SAME,1,,,,,,,,,,,
21016,3,11,AND,REL,SAME,5,,,,,,,,,,,
23641,3,12,AND,NEUTRAL,SAME,3,,,,,,,,,,,
24601,3,12,AND,NEUTRAL,SAME,5,,,,,,,,,,,
21394,3,12,AND,NEUTRAL,SAME,2,,,,,,,,,,,
24190,3,12,AND,NEUTRAL,SAME,4,,,,,,,,,,,
24541,3,12,AND,NEUTRAL,SAME,3,,,,,,,,,,,
24157,3,12,AND,NEUTRAL,SAME,4,,,,,,,,,,,
24619,3,12,AND,NEUTRAL,SAME,4,,,,,,,,,,,
24673,3,12,AND,NEUTRAL,SAME,3,,,,,,,,,,,
23398,3,12,AND,NEUTRAL,SAME,5,,,,,,,,,,,
20617,3,12,AND,NEUTRAL,SAME,2,,,,,,,,,,,
206206,3,12,AND,NEUTRAL,SAME,4,,,,,,,,,,,
22576,3,12,AND,NEUTRAL,SAME,2,,,,,,,,,,,
23863,3,12,AND,NEUTRAL,SAME,1,,,,,,,,,,,
23563,3,12,AND,NEUTRAL,SAME,2,,,,,,,,,,,
21016,3,12,AND,NEUTRAL,SAME,5,,,,,,,,,,,
20545,4,1,AND,NEUTRAL,OPPOSITE,4,,,,,,,,,,,
24994,4,1,AND,NEUTRAL,OPPOSITE,3,,,,,,,,,,,
21145,4,1,AND,NEUTRAL,OPPOSITE,3,,,,,,,,,,,
24178,4,1,AND,NEUTRAL,OPPOSITE,4,,,,,,,,,,,
202585,4,1,AND,NEUTRAL,OPPOSITE,4,,,,,,,,,,,
24517,4,1,AND,NEUTRAL,OPPOSITE,3,,,,,,,,,,,
25450,4,1,AND,NEUTRAL,OPPOSITE,4,,,,,,,,,,,
25705,4,1,AND,NEUTRAL,OPPOSITE,5,,,,,,,,,,,
25273,4,1,AND,NEUTRAL,OPPOSITE,4,,,,,,,,,,,
22702,4,1,AND,NEUTRAL,OPPOSITE,2,,,,,,,,,,,
22582,4,1,AND,NEUTRAL,OPPOSITE,4,,,,,,,,,,,
25570,4,1,AND,NEUTRAL,OPPOSITE,2,,,,,,,,,,,
20545,4,2,AND,REL,SAME,3,,,,,,,,,,,
24994,4,2,AND,REL,SAME,2,,,,,,,,,,,
21145,4,2,AND,REL,SAME,2,,,,,,,,,,,
24178,4,2,AND,REL,SAME,4,,,,,,,,,,,
202585,4,2,AND,REL,SAME,4,,,,,,,,,,,
24517,4,2,AND,REL,SAME,3,,,,,,,,,,,
25450,4,2,AND,REL,SAME,2,,,,,,,,,,,
25705,4,2,AND,REL,SAME,5,,,,,,,,,,,
25273,4,2,AND,REL,SAME,2,,,,,,,,,,,
22702,4,2,AND,REL,SAME,5,,,,,,,,,,,
22582,4,2,AND,REL,SAME,1,,,,,,,,,,,
25570,4,2,AND,REL,SAME,4,,,,,,,,,,,
20545,4,3,AND,NEUTRAL,SAME,4,,,,,,,,,,,
24994,4,3,AND,NEUTRAL,SAME,5,,,,,,,,,,,
21145,4,3,AND,NEUTRAL,SAME,5,,,,,,,,,,,
24178,4,3,AND,NEUTRAL,SAME,5,,,,,,,,,,,
202585,4,3,AND,NEUTRAL,SAME,5,,,,,,,,,,,
24517,4,3,AND,NEUTRAL,SAME,3,,,,,,,,,,,
25450,4,3,AND,NEUTRAL,SAME,4,,,,,,,,,,,
25705,4,3,AND,NEUTRAL,SAME,5,,,,,,,,,,,
25273,4,3,AND,NEUTRAL,SAME,5,,,,,,,,,,,
22702,4,3,AND,NEUTRAL,SAME,5,,,,,,,,,,,
22582,4,3,AND,NEUTRAL,SAME,4,,,,,,,,,,,
25570,4,3,AND,NEUTRAL,SAME,4,,,,,,,,,,,
20545,4,4,AND,REL,OPPOSITE,5,,,,,,,,,,,
24994,4,4,AND,REL,OPPOSITE,4,,,,,,,,,,,
21145,4,4,AND,REL,OPPOSITE,5,,,,,,,,,,,
24178,4,4,AND,REL,OPPOSITE,4,,,,,,,,,,,
202585,4,4,AND,REL,OPPOSITE,5,,,,,,,,,,,
24517,4,4,AND,REL,OPPOSITE,3,,,,,,,,,,,
25450,4,4,AND,REL,OPPOSITE,4,,,,,,,,,,,
25705,4,4,AND,REL,OPPOSITE,5,,,,,,,,,,,
25273,4,4,AND,REL,OPPOSITE,4,,,,,,,,,,,
22702,4,4,AND,REL,OPPOSITE,3,,,,,,,,,,,
22582,4,4,AND,REL,OPPOSITE,3,,,,,,,,,,,
25570,4,4,AND,REL,OPPOSITE,4,,,,,,,,,,,
20545,4,5,AND,NEUTRAL,OPPOSITE,5,,,,,,,,,,,
24994,4,5,AND,NEUTRAL,OPPOSITE,5,,,,,,,,,,,
21145,4,5,AND,NEUTRAL,OPPOSITE,2,,,,,,,,,,,
24178,4,5,AND,NEUTRAL,OPPOSITE,5,,,,,,,,,,,
202585,4,5,AND,NEUTRAL,OPPOSITE,4,,,,,,,,,,,
24517,4,5,AND,NEUTRAL,OPPOSITE,3,,,,,,,,,,,
25450,4,5,AND,NEUTRAL,OPPOSITE,1,,,,,,,,,,,
25705,4,5,AND,NEUTRAL,OPPOSITE,5,,,,,,,,,,,
25273,4,5,AND,NEUTRAL,OPPOSITE,4,,,,,,,,,,,
22702,4,5,AND,NEUTRAL,OPPOSITE,1,,,,,,,,,,,
22582,4,5,AND,NEUTRAL,OPPOSITE,4,,,,,,,,,,,
25570,4,5,AND,NEUTRAL,OPPOSITE,3,,,,,,,,,,,
20545,4,6,AND,REL,SAME,3,,,,,,,,,,,
24994,4,6,AND,REL,SAME,2,,,,,,,,,,,
21145,4,6,AND,REL,SAME,1,,,,,,,,,,,
24178,4,6,AND,REL,SAME,5,,,,,,,,,,,
202585,4,6,AND,REL,SAME,3,,,,,,,,,,,
24517,4,6,AND,REL,SAME,3,,,,,,,,,,,
25450,4,6,AND,REL,SAME,1,,,,,,,,,,,
25705,4,6,AND,REL,SAME,4,,,,,,,,,,,
25273,4,6,AND,REL,SAME,2,,,,,,,,,,,
22702,4,6,AND,REL,SAME,1,,,,,,,,,,,
22582,4,6,AND,REL,SAME,3,,,,,,,,,,,
25570,4,6,AND,REL,SAME,3,,,,,,,,,,,
20545,4,7,AND,NEUTRAL,SAME,5,,,,,,,,,,,
24994,4,7,AND,NEUTRAL,SAME,4,,,,,,,,,,,
21145,4,7,AND,NEUTRAL,SAME,5,,,,,,,,,,,
24178,4,7,AND,NEUTRAL,SAME,5,,,,,,,,,,,
202585,4,7,AND,NEUTRAL,SAME,5,,,,,,,,,,,
24517,4,7,AND,NEUTRAL,SAME,3,,,,,,,,,,,
25450,4,7,AND,NEUTRAL,SAME,5,,,,,,,,,,,
25705,4,7,AND,NEUTRAL,SAME,5,,,,,,,,,,,
25273,4,7,AND,NEUTRAL,SAME,5,,,,,,,,,,,
22702,4,7,AND,NEUTRAL,SAME,5,,,,,,,,,,,
22582,4,7,AND,NEUTRAL,SAME,5,,,,,,,,,,,
25570,4,7,AND,NEUTRAL,SAME,4,,,,,,,,,,,
20545,4,8,AND,REL,OPPOSITE,5,,,,,,,,,,,
24994,4,8,AND,REL,OPPOSITE,5,,,,,,,,,,,
21145,4,8,AND,REL,OPPOSITE,5,,,,,,,,,,,
24178,4,8,AND,REL,OPPOSITE,4,,,,,,,,,,,
202585,4,8,AND,REL,OPPOSITE,5,,,,,,,,,,,
24517,4,8,AND,REL,OPPOSITE,2,,,,,,,,,,,
25450,4,8,AND,REL,OPPOSITE,4,,,,,,,,,,,
25705,4,8,AND,REL,OPPOSITE,3,,,,,,,,,,,
25273,4,8,AND,REL,OPPOSITE,5,,,,,,,,,,,
22702,4,8,AND,REL,OPPOSITE,5,,,,,,,,,,,
22582,4,8,AND,REL,OPPOSITE,5,,,,,,,,,,,
25570,4,8,AND,REL,OPPOSITE,5,,,,,,,,,,,
20545,4,9,AND,NEUTRAL,OPPOSITE,3,,,,,,,,,,,
24994,4,9,AND,NEUTRAL,OPPOSITE,1,,,,,,,,,,,
21145,4,9,AND,NEUTRAL,OPPOSITE,1,,,,,,,,,,,
24178,4,9,AND,NEUTRAL,OPPOSITE,1,,,,,,,,,,,
202585,4,9,AND,NEUTRAL,OPPOSITE,4,,,,,,,,,,,
24517,4,9,AND,NEUTRAL,OPPOSITE,3,,,,,,,,,,,
25450,4,9,AND,NEUTRAL,OPPOSITE,2,,,,,,,,,,,
25705,4,9,AND,NEUTRAL,OPPOSITE,3,,,,,,,,,,,
25273,4,9,AND,NEUTRAL,OPPOSITE,3,,,,,,,,,,,
22702,4,9,AND,NEUTRAL,OPPOSITE,1,,,,,,,,,,,
22582,4,9,AND,NEUTRAL,OPPOSITE,4,,,,,,,,,,,
25570,4,9,AND,NEUTRAL,OPPOSITE,2,,,,,,,,,,,
20545,4,10,AND,REL,SAME,2,,,,,,,,,,,
24994,4,10,AND,REL,SAME,2,,,,,,,,,,,
21145,4,10,AND,REL,SAME,1,,,,,,,,,,,
24178,4,10,AND,REL,SAME,2,,,,,,,,,,,
202585,4,10,AND,REL,SAME,3,,,,,,,,,,,
24517,4,10,AND,REL,SAME,2,,,,,,,,,,,
25450,4,10,AND,REL,SAME,2,,,,,,,,,,,
25705,4,10,AND,REL,SAME,3,,,,,,,,,,,
25273,4,10,AND,REL,SAME,4,,,,,,,,,,,
22702,4,10,AND,REL,SAME,1,,,,,,,,,,,
22582,4,10,AND,REL,SAME,4,,,,,,,,,,,
25570,4,10,AND,REL,SAME,3,,,,,,,,,,,
20545,4,11,AND,NEUTRAL,SAME,5,,,,,,,,,,,
24994,4,11,AND,NEUTRAL,SAME,4,,,,,,,,,,,
21145,4,11,AND,NEUTRAL,SAME,3,,,,,,,,,,,
24178,4,11,AND,NEUTRAL,SAME,4,,,,,,,,,,,
202585,4,11,AND,NEUTRAL,SAME,4,,,,,,,,,,,
24517,4,11,AND,NEUTRAL,SAME,2,,,,,,,,,,,
25450,4,11,AND,NEUTRAL,SAME,5,,,,,,,,,,,
25705,4,11,AND,NEUTRAL,SAME,4,,,,,,,,,,,
25273,4,11,AND,NEUTRAL,SAME,4,,,,,,,,,,,
22702,4,11,AND,NEUTRAL,SAME,4,,,,,,,,,,,
22582,4,11,AND,NEUTRAL,SAME,3,,,,,,,,,,,
25570,4,11,AND,NEUTRAL,SAME,4,,,,,,,,,,,
20545,4,12,AND,REL,OPPOSITE,1,,,,,,,,,,,
24994,4,12,AND,REL,OPPOSITE,3,,,,,,,,,,,
21145,4,12,AND,REL,OPPOSITE,1,,,,,,,,,,,
24178,4,12,AND,REL,OPPOSITE,3,,,,,,,,,,,
202585,4,12,AND,REL,OPPOSITE,4,,,,,,,,,,,
24517,4,12,AND,REL,OPPOSITE,2,,,,,,,,,,,
25450,4,12,AND,REL,OPPOSITE,1,,,,,,,,,,,
25705,4,12,AND,REL,OPPOSITE,1,,,,,,,,,,,
25273,4,12,AND,REL,OPPOSITE,3,,,,,,,,,,,
22702,4,12,AND,REL,OPPOSITE,1,,,,,,,,,,,
22582,4,12,AND,REL,OPPOSITE,1,,,,,,,,,,,
25570,4,12,AND,REL,OPPOSITE,2,,,,,,,,,,,
25834,5,1,BUT,REL,SAME,1,,,,,,,,,,,
25231,5,1,BUT,REL,SAME,1,,,,,,,,,,,
25192,5,1,BUT,REL,SAME,2,,,,,,,,,,,
25237,5,1,BUT,REL,SAME,1,,,,,,,,,,,
18703,5,1,BUT,REL,SAME,2,,,,,,,,,,,
25033,5,1,BUT,REL,SAME,3,,,,,,,,,,,
25534,5,1,BUT,REL,SAME,2,,,,,,,,,,,
24670,5,1,BUT,REL,SAME,2,,,,,,,,,,,
24271,5,1,BUT,REL,SAME,1,,,,,,,,,,,
24478,5,1,BUT,REL,SAME,4,,,,,,,,,,,
24166,5,1,BUT,REL,SAME,2,,,,,,,,,,,
24481,5,1,BUT,REL,SAME,2,,,,,,,,,,,
24175,5,1,BUT,REL,SAME,2,,,,,,,,,,,
24424,5,1,BUT,REL,SAME,3,,,,,,,,,,,
25834,5,2,BUT,NEUTRAL,SAME,2,,,,,,,,,,,
25231,5,2,BUT,NEUTRAL,SAME,1,,,,,,,,,,,
25192,5,2,BUT,NEUTRAL,SAME,1,,,,,,,,,,,
25237,5,2,BUT,NEUTRAL,SAME,3,,,,,,,,,,,
18703,5,2,BUT,NEUTRAL,SAME,3,,,,,,,,,,,
25033,5,2,BUT,NEUTRAL,SAME,3,,,,,,,,,,,
25534,5,2,BUT,NEUTRAL,SAME,2,,,,,,,,,,,
24670,5,2,BUT,NEUTRAL,SAME,3,,,,,,,,,,,
24271,5,2,BUT,NEUTRAL,SAME,1,,,,,,,,,,,
24478,5,2,BUT,NEUTRAL,SAME,3,,,,,,,,,,,
24166,5,2,BUT,NEUTRAL,SAME,1,,,,,,,,,,,
24481,5,2,BUT,NEUTRAL,SAME,2,,,,,,,,,,,
24175,5,2,BUT,NEUTRAL,SAME,3,,,,,,,,,,,
24424,5,2,BUT,NEUTRAL,SAME,4,,,,,,,,,,,
25834,5,3,BUT,REL,OPPOSITE,4,,,,,,,,,,,
25231,5,3,BUT,REL,OPPOSITE,4,,,,,,,,,,,
25192,5,3,BUT,REL,OPPOSITE,1,,,,,,,,,,,
25237,5,3,BUT,REL,OPPOSITE,5,,,,,,,,,,,
18703,5,3,BUT,REL,OPPOSITE,5,,,,,,,,,,,
25033,5,3,BUT,REL,OPPOSITE,5,,,,,,,,,,,
25534,5,3,BUT,REL,OPPOSITE,4,,,,,,,,,,,
24670,5,3,BUT,REL,OPPOSITE,5,,,,,,,,,,,
24271,5,3,BUT,REL,OPPOSITE,1,,,,,,,,,,,
24478,5,3,BUT,REL,OPPOSITE,2,,,,,,,,,,,
24166,5,3,BUT,REL,OPPOSITE,3,,,,,,,,,,,
24481,5,3,BUT,REL,OPPOSITE,3,,,,,,,,,,,
24175,5,3,BUT,REL,OPPOSITE,3,,,,,,,,,,,
24424,5,3,BUT,REL,OPPOSITE,2,,,,,,,,,,,
25834,5,4,BUT,NEUTRAL,OPPOSITE,5,,,,,,,,,,,
25231,5,4,BUT,NEUTRAL,OPPOSITE,2,,,,,,,,,,,
25192,5,4,BUT,NEUTRAL,OPPOSITE,2,,,,,,,,,,,
25237,5,4,BUT,NEUTRAL,OPPOSITE,4,,,,,,,,,,,
18703,5,4,BUT,NEUTRAL,OPPOSITE,4,,,,,,,,,,,
25033,5,4,BUT,NEUTRAL,OPPOSITE,1,,,,,,,,,,,
25534,5,4,BUT,NEUTRAL,OPPOSITE,5,,,,,,,,,,,
24670,5,4,BUT,NEUTRAL,OPPOSITE,5,,,,,,,,,,,
24271,5,4,BUT,NEUTRAL,OPPOSITE,1,,,,,,,,,,,
24478,5,4,BUT,NEUTRAL,OPPOSITE,2,,,,,,,,,,,
24166,5,4,BUT,NEUTRAL,OPPOSITE,5,,,,,,,,,,,
24481,5,4,BUT,NEUTRAL,OPPOSITE,2,,,,,,,,,,,
24175,5,4,BUT,NEUTRAL,OPPOSITE,4,,,,,,,,,,,
24424,5,4,BUT,NEUTRAL,OPPOSITE,1,,,,,,,,,,,
25834,5,5,BUT,REL,SAME,4,,,,,,,,,,,
25231,5,5,BUT,REL,SAME,1,,,,,,,,,,,
25192,5,5,BUT,REL,SAME,1,,,,,,,,,,,
25237,5,5,BUT,REL,SAME,4,,,,,,,,,,,
18703,5,5,BUT,REL,SAME,3,,,,,,,,,,,
25033,5,5,BUT,REL,SAME,3,,,,,,,,,,,
25534,5,5,BUT,REL,SAME,2,,,,,,,,,,,
24670,5,5,BUT,REL,SAME,4,,,,,,,,,,,
24271,5,5,BUT,REL,SAME,4,,,,,,,,,,,
24478,5,5,BUT,REL,SAME,2,,,,,,,,,,,
24166,5,5,BUT,REL,SAME,3,,,,,,,,,,,
24481,5,5,BUT,REL,SAME,2,,,,,,,,,,,
24175,5,5,BUT,REL,SAME,3,,,,,,,,,,,
24424,5,5,BUT,REL,SAME,3,,,,,,,,,,,
25834,5,6,BUT,NEUTRAL,SAME,4,,,,,,,,,,,
25231,5,6,BUT,NEUTRAL,SAME,1,,,,,,,,,,,
25192,5,6,BUT,NEUTRAL,SAME,1,,,,,,,,,,,
25237,5,6,BUT,NEUTRAL,SAME,4,,,,,,,,,,,
18703,5,6,BUT,NEUTRAL,SAME,2,,,,,,,,,,,
25033,5,6,BUT,NEUTRAL,SAME,2,,,,,,,,,,,
25534,5,6,BUT,NEUTRAL,SAME,4,,,,,,,,,,,
24670,5,6,BUT,NEUTRAL,SAME,2,,,,,,,,,,,
24271,5,6,BUT,NEUTRAL,SAME,2,,,,,,,,,,,
24478,5,6,BUT,NEUTRAL,SAME,4,,,,,,,,,,,
24166,5,6,BUT,NEUTRAL,SAME,4,,,,,,,,,,,
24481,5,6,BUT,NEUTRAL,SAME,3,,,,,,,,,,,
24175,5,6,BUT,NEUTRAL,SAME,4,,,,,,,,,,,
24424,5,6,BUT,NEUTRAL,SAME,4,,,,,,,,,,,
25834,5,7,BUT,REL,OPPOSITE,4,,,,,,,,,,,
25231,5,7,BUT,REL,OPPOSITE,4,,,,,,,,,,,
25192,5,7,BUT,REL,OPPOSITE,2,,,,,,,,,,,
25237,5,7,BUT,REL,OPPOSITE,2,,,,,,,,,,,
18703,5,7,BUT,REL,OPPOSITE,1,,,,,,,,,,,
25033,5,7,BUT,REL,OPPOSITE,5,,,,,,,,,,,
25534,5,7,BUT,REL,OPPOSITE,5,,,,,,,,,,,
24670,5,7,BUT,REL,OPPOSITE,5,,,,,,,,,,,
24271,5,7,BUT,REL,OPPOSITE,1,,,,,,,,,,,
24478,5,7,BUT,REL,OPPOSITE,2,,,,,,,,,,,
24166,5,7,BUT,REL,OPPOSITE,4,,,,,,,,,,,
24481,5,7,BUT,REL,OPPOSITE,2,,,,,,,,,,,
24175,5,7,BUT,REL,OPPOSITE,3,,,,,,,,,,,
24424,5,7,BUT,REL,OPPOSITE,1,,,,,,,,,,,
25834,5,8,BUT,NEUTRAL,OPPOSITE,2,,,,,,,,,,,
25231,5,8,BUT,NEUTRAL,OPPOSITE,4,,,,,,,,,,,
25192,5,8,BUT,NEUTRAL,OPPOSITE,2,,,,,,,,,,,
25237,5,8,BUT,NEUTRAL,OPPOSITE,5,,,,,,,,,,,
18703,5,8,BUT,NEUTRAL,OPPOSITE,1,,,,,,,,,,,
25033,5,8,BUT,NEUTRAL,OPPOSITE,1,,,,,,,,,,,
25534,5,8,BUT,NEUTRAL,OPPOSITE,3,,,,,,,,,,,
24670,5,8,BUT,NEUTRAL,OPPOSITE,1,,,,,,,,,,,
24271,5,8,BUT,NEUTRAL,OPPOSITE,2,,,,,,,,,,,
24478,5,8,BUT,NEUTRAL,OPPOSITE,2,,,,,,,,,,,
24166,5,8,BUT,NEUTRAL,OPPOSITE,1,,,,,,,,,,,
24481,5,8,BUT,NEUTRAL,OPPOSITE,1,,,,,,,,,,,
24175,5,8,BUT,NEUTRAL,OPPOSITE,3,,,,,,,,,,,
24424,5,8,BUT,NEUTRAL,OPPOSITE,4,,,,,,,,,,,
25834,5,9,BUT,REL,SAME,3,,,,,,,,,,,
25231,5,9,BUT,REL,SAME,1,,,,,,,,,,,
25192,5,9,BUT,REL,SAME,2,,,,,,,,,,,
25237,5,9,BUT,REL,SAME,5,,,,,,,,,,,
18703,5,9,BUT,REL,SAME,2,,,,,,,,,,,
25033,5,9,BUT,REL,SAME,4,,,,,,,,,,,
25534,5,9,BUT,REL,SAME,4,,,,,,,,,,,
24670,5,9,BUT,REL,SAME,2,,,,,,,,,,,
24271,5,9,BUT,REL,SAME,1,,,,,,,,,,,
24478,5,9,BUT,REL,SAME,2,,,,,,,,,,,
24166,5,9,BUT,REL,SAME,5,,,,,,,,,,,
24481,5,9,BUT,REL,SAME,1,,,,,,,,,,,
24175,5,9,BUT,REL,SAME,4,,,,,,,,,,,
24424,5,9,BUT,REL,SAME,1,,,,,,,,,,,
25834,5,10,BUT,NEUTRAL,SAME,4,,,,,,,,,,,
25231,5,10,BUT,NEUTRAL,SAME,2,,,,,,,,,,,
25192,5,10,BUT,NEUTRAL,SAME,1,,,,,,,,,,,
25237,5,10,BUT,NEUTRAL,SAME,4,,,,,,,,,,,
18703,5,10,BUT,NEUTRAL,SAME,4,,,,,,,,,,,
25033,5,10,BUT,NEUTRAL,SAME,4,,,,,,,,,,,
25534,5,10,BUT,NEUTRAL,SAME,3,,,,,,,,,,,
24670,5,10,BUT,NEUTRAL,SAME,3,,,,,,,,,,,
24271,5,10,BUT,NEUTRAL,SAME,1,,,,,,,,,,,
24478,5,10,BUT,NEUTRAL,SAME,2,,,,,,,,,,,
24166,5,10,BUT,NEUTRAL,SAME,4,,,,,,,,,,,
24481,5,10,BUT,NEUTRAL,SAME,3,,,,,,,,,,,
24175,5,10,BUT,NEUTRAL,SAME,2,,,,,,,,,,,
24424,5,10,BUT,NEUTRAL,SAME,1,,,,,,,,,,,
25834,5,11,BUT,REL,OPPOSITE,2,,,,,,,,,,,
25231,5,11,BUT,REL,OPPOSITE,3,,,,,,,,,,,
25192,5,11,BUT,REL,OPPOSITE,2,,,,,,,,,,,
25237,5,11,BUT,REL,OPPOSITE,3,,,,,,,,,,,
18703,5,11,BUT,REL,OPPOSITE,1,,,,,,,,,,,
25033,5,11,BUT,REL,OPPOSITE,2,,,,,,,,,,,
25534,5,11,BUT,REL,OPPOSITE,2,,,,,,,,,,,
24670,5,11,BUT,REL,OPPOSITE,2,,,,,,,,,,,
24271,5,11,BUT,REL,OPPOSITE,1,,,,,,,,,,,
24478,5,11,BUT,REL,OPPOSITE,2,,,,,,,,,,,
24166,5,11,BUT,REL,OPPOSITE,4,,,,,,,,,,,
24481,5,11,BUT,REL,OPPOSITE,1,,,,,,,,,,,
24175,5,11,BUT,REL,OPPOSITE,3,,,,,,,,,,,
24424,5,11,BUT,REL,OPPOSITE,1,,,,,,,,,,,
25834,5,12,BUT,NEUTRAL,OPPOSITE,5,,,,,,,,,,,
25231,5,12,BUT,NEUTRAL,OPPOSITE,3,,,,,,,,,,,
25192,5,12,BUT,NEUTRAL,OPPOSITE,2,,,,,,,,,,,
25237,5,12,BUT,NEUTRAL,OPPOSITE,4,,,,,,,,,,,
18703,5,12,BUT,NEUTRAL,OPPOSITE,2,,,,,,,,,,,
25033,5,12,BUT,NEUTRAL,OPPOSITE,2,,,,,,,,,,,
25534,5,12,BUT,NEUTRAL,OPPOSITE,4,,,,,,,,,,,
24670,5,12,BUT,NEUTRAL,OPPOSITE,4,,,,,,,,,,,
24271,5,12,BUT,NEUTRAL,OPPOSITE,1,,,,,,,,,,,
24478,5,12,BUT,NEUTRAL,OPPOSITE,4,,,,,,,,,,,
24166,5,12,BUT,NEUTRAL,OPPOSITE,1,,,,,,,,,,,
24481,5,12,BUT,NEUTRAL,OPPOSITE,4,,,,,,,,,,,
24175,5,12,BUT,NEUTRAL,OPPOSITE,1,,,,,,,,,,,
24424,5,12,BUT,NEUTRAL,OPPOSITE,3,,,,,,,,,,,
24400,6,1,BUT,NEUTRAL,SAME,1,,,,,,,,,,,
24238,6,1,BUT,NEUTRAL,SAME,4,,,,,,,,,,,
22531,6,1,BUT,NEUTRAL,SAME,2,,,,,,,,,,,
25723,6,1,BUT,NEUTRAL,SAME,2,,,,,,,,,,,
25948,6,1,BUT,NEUTRAL,SAME,1,,,,,,,,,,,
24643,6,1,BUT,NEUTRAL,SAME,5,,,,,,,,,,,
21364,6,1,BUT,NEUTRAL,SAME,2,,,,,,,,,,,
22753,6,1,BUT,NEUTRAL,SAME,3,,,,,,,,,,,
25303,6,1,BUT,NEUTRAL,SAME,2,,,,,,,,,,,
24835,6,1,BUT,NEUTRAL,SAME,2,,,,,,,,,,,
24400,6,2,BUT,REL,OPPOSITE,2,,,,,,,,,,,
24238,6,2,BUT,REL,OPPOSITE,2,,,,,,,,,,,
22531,6,2,BUT,REL,OPPOSITE,5,,,,,,,,,,,
25723,6,2,BUT,REL,OPPOSITE,1,,,,,,,,,,,
25948,6,2,BUT,REL,OPPOSITE,5,,,,,,,,,,,
24643,6,2,BUT,REL,OPPOSITE,5,,,,,,,,,,,
21364,6,2,BUT,REL,OPPOSITE,5,,,,,,,,,,,
22753,6,2,BUT,REL,OPPOSITE,4,,,,,,,,,,,
25303,6,2,BUT,REL,OPPOSITE,2,,,,,,,,,,,
24835,6,2,BUT,REL,OPPOSITE,4,,,,,,,,,,,
24400,6,3,BUT,NEUTRAL,OPPOSITE,5,,,,,,,,,,,
24238,6,3,BUT,NEUTRAL,OPPOSITE,5,,,,,,,,,,,
22531,6,3,BUT,NEUTRAL,OPPOSITE,2,,,,,,,,,,,
25723,6,3,BUT,NEUTRAL,OPPOSITE,5,,,,,,,,,,,
25948,6,3,BUT,NEUTRAL,OPPOSITE,5,,,,,,,,,,,
24643,6,3,BUT,NEUTRAL,OPPOSITE,5,,,,,,,,,,,
21364,6,3,BUT,NEUTRAL,OPPOSITE,5,,,,,,,,,,,
22753,6,3,BUT,NEUTRAL,OPPOSITE,4,,,,,,,,,,,
25303,6,3,BUT,NEUTRAL,OPPOSITE,1,,,,,,,,,,,
24835,6,3,BUT,NEUTRAL,OPPOSITE,5,,,,,,,,,,,
24400,6,4,BUT,REL,SAME,4,,,,,,,,,,,
24238,6,4,BUT,REL,SAME,1,,,,,,,,,,,
22531,6,4,BUT,REL,SAME,1,,,,,,,,,,,
25723,6,4,BUT,REL,SAME,4,,,,,,,,,,,
25948,6,4,BUT,REL,SAME,2,,,,,,,,,,,
24643,6,4,BUT,REL,SAME,3,,,,,,,,,,,
21364,6,4,BUT,REL,SAME,3,,,,,,,,,,,
22753,6,4,BUT,REL,SAME,2,,,,,,,,,,,
25303,6,4,BUT,REL,SAME,1,,,,,,,,,,,
24835,6,4,BUT,REL,SAME,5,,,,,,,,,,,
24400,6,5,BUT,NEUTRAL,SAME,1,,,,,,,,,,,
24238,6,5,BUT,NEUTRAL,SAME,3,,,,,,,,,,,
22531,6,5,BUT,NEUTRAL,SAME,2,,,,,,,,,,,
25723,6,5,BUT,NEUTRAL,SAME,2,,,,,,,,,,,
25948,6,5,BUT,NEUTRAL,SAME,5,,,,,,,,,,,
24643,6,5,BUT,NEUTRAL,SAME,2,,,,,,,,,,,
21364,6,5,BUT,NEUTRAL,SAME,5,,,,,,,,,,,
22753,6,5,BUT,NEUTRAL,SAME,4,,,,,,,,,,,
25303,6,5,BUT,NEUTRAL,SAME,4,,,,,,,,,,,
24835,6,5,BUT,NEUTRAL,SAME,3,,,,,,,,,,,
24400,6,6,BUT,REL,OPPOSITE,1,,,,,,,,,,,
24238,6,6,BUT,REL,OPPOSITE,3,,,,,,,,,,,
22531,6,6,BUT,REL,OPPOSITE,3,,,,,,,,,,,
25723,6,6,BUT,REL,OPPOSITE,3,,,,,,,,,,,
25948,6,6,BUT,REL,OPPOSITE,2,,,,,,,,,,,
24643,6,6,BUT,REL,OPPOSITE,4,,,,,,,,,,,
21364,6,6,BUT,REL,OPPOSITE,4,,,,,,,,,,,
22753,6,6,BUT,REL,OPPOSITE,3,,,,,,,,,,,
25303,6,6,BUT,REL,OPPOSITE,3,,,,,,,,,,,
24835,6,6,BUT,REL,OPPOSITE,4,,,,,,,,,,,
24400,6,7,BUT,NEUTRAL,OPPOSITE,1,,,,,,,,,,,
24238,6,7,BUT,NEUTRAL,OPPOSITE,4,,,,,,,,,,,
22531,6,7,BUT,NEUTRAL,OPPOSITE,4,,,,,,,,,,,
25723,6,7,BUT,NEUTRAL,OPPOSITE,5,,,,,,,,,,,
25948,6,7,BUT,NEUTRAL,OPPOSITE,5,,,,,,,,,,,
24643,6,7,BUT,NEUTRAL,OPPOSITE,4,,,,,,,,,,,
21364,6,7,BUT,NEUTRAL,OPPOSITE,3,,,,,,,,,,,
22753,6,7,BUT,NEUTRAL,OPPOSITE,3,,,,,,,,,,,
25303,6,7,BUT,NEUTRAL,OPPOSITE,1,,,,,,,,,,,
24835,6,7,BUT,NEUTRAL,OPPOSITE,5,,,,,,,,,,,
24400,6,8,BUT,REL,SAME,1,,,,,,,,,,,
24238,6,8,BUT,REL,SAME,2,,,,,,,,,,,
22531,6,8,BUT,REL,SAME,1,,,,,,,,,,,
25723,6,8,BUT,REL,SAME,5,,,,,,,,,,,
25948,6,8,BUT,REL,SAME,1,,,,,,,,,,,
24643,6,8,BUT,REL,SAME,4,,,,,,,,,,,
21364,6,8,BUT,REL,SAME,3,,,,,,,,,,,
22753,6,8,BUT,REL,SAME,1,,,,,,,,,,,
25303,6,8,BUT,REL,SAME,1,,,,,,,,,,,
24835,6,8,BUT,REL,SAME,5,,,,,,,,,,,
24400,6,9,BUT,NEUTRAL,SAME,1,,,,,,,,,,,
24238,6,9,BUT,NEUTRAL,SAME,1,,,,,,,,,,,
22531,6,9,BUT,NEUTRAL,SAME,1,,,,,,,,,,,
25723,6,9,BUT,NEUTRAL,SAME,2,,,,,,,,,,,
25948,6,9,BUT,NEUTRAL,SAME,4,,,,,,,,,,,
24643,6,9,BUT,NEUTRAL,SAME,1,,,,,,,,,,,
21364,6,9,BUT,NEUTRAL,SAME,4,,,,,,,,,,,
22753,6,9,BUT,NEUTRAL,SAME,1,,,,,,,,,,,
25303,6,9,BUT,NEUTRAL,SAME,3,,,,,,,,,,,
24835,6,9,BUT,NEUTRAL,SAME,5,,,,,,,,,,,
24400,6,10,BUT,REL,OPPOSITE,5,,,,,,,,,,,
24238,6,10,BUT,REL,OPPOSITE,3,,,,,,,,,,,
22531,6,10,BUT,REL,OPPOSITE,2,,,,,,,,,,,
25723,6,10,BUT,REL,OPPOSITE,3,,,,,,,,,,,
25948,6,10,BUT,REL,OPPOSITE,5,,,,,,,,,,,
24643,6,10,BUT,REL,OPPOSITE,4,,,,,,,,,,,
21364,6,10,BUT,REL,OPPOSITE,5,,,,,,,,,,,
22753,6,10,BUT,REL,OPPOSITE,4,,,,,,,,,,,
25303,6,10,BUT,REL,OPPOSITE,1,,,,,,,,,,,
24835,6,10,BUT,REL,OPPOSITE,5,,,,,,,,,,,
24400,6,11,BUT,NEUTRAL,OPPOSITE,4,,,,,,,,,,,
24238,6,11,BUT,NEUTRAL,OPPOSITE,1,,,,,,,,,,,
22531,6,11,BUT,NEUTRAL,OPPOSITE,1,,,,,,,,,,,
25723,6,11,BUT,NEUTRAL,OPPOSITE,1,,,,,,,,,,,
25948,6,11,BUT,NEUTRAL,OPPOSITE,1,,,,,,,,,,,
24643,6,11,BUT,NEUTRAL,OPPOSITE,3,,,,,,,,,,,
21364,6,11,BUT,NEUTRAL,OPPOSITE,1,,,,,,,,,,,
22753,6,11,BUT,NEUTRAL,OPPOSITE,1,,,,,,,,,,,
25303,6,11,BUT,NEUTRAL,OPPOSITE,1,,,,,,,,,,,
24835,6,11,BUT,NEUTRAL,OPPOSITE,1,,,,,,,,,,,
24400,6,12,BUT,REL,SAME,4,,,,,,,,,,,
24238,6,12,BUT,REL,SAME,1,,,,,,,,,,,
22531,6,12,BUT,REL,SAME,3,,,,,,,,,,,
25723,6,12,BUT,REL,SAME,1,,,,,,,,,,,
25948,6,12,BUT,REL,SAME,3,,,,,,,,,,,
24643,6,12,BUT,REL,SAME,3,,,,,,,,,,,
21364,6,12,BUT,REL,SAME,4,,,,,,,,,,,
22753,6,12,BUT,REL,SAME,2,,,,,,,,,,,
25303,6,12,BUT,REL,SAME,3,,,,,,,,,,,
24835,6,12,BUT,REL,SAME,4,,,,,,,,,,,
23551,7,1,BUT,REL,OPPOSITE,1,,,,,,,,,,,
24706,7,1,BUT,REL,OPPOSITE,3,,,,,,,,,,,
24478,7,1,BUT,REL,OPPOSITE,2,,,,,,,,,,,
24613,7,1,BUT,REL,OPPOSITE,1,,,,,,,,,,,
204511,7,1,BUT,REL,OPPOSITE,1,,,,,,,,,,,
25588,7,1,BUT,REL,OPPOSITE,5,,,,,,,,,,,
16789,7,1,BUT,REL,OPPOSITE,3,,,,,,,,,,,
19090,7,1,BUT,REL,OPPOSITE,5,,,,,,,,,,,
23389,7,1,BUT,REL,OPPOSITE,4,,,,,,,,,,,
24688,7,1,BUT,REL,OPPOSITE,2,,,,,,,,,,,
24739,7,1,BUT,REL,OPPOSITE,5,,,,,,,,,,,
25699,7,1,BUT,REL,OPPOSITE,2,,,,,,,,,,,
25828,7,1,BUT,REL,OPPOSITE,1,,,,,,,,,,,
25162,7,1,BUT,REL,OPPOSITE,1,,,,,,,,,,,
23551,7,2,BUT,NEUTRAL,OPPOSITE,3,,,,,,,,,,,
24706,7,2,BUT,NEUTRAL,OPPOSITE,3,,,,,,,,,,,
24478,7,2,BUT,NEUTRAL,OPPOSITE,2,,,,,,,,,,,
24613,7,2,BUT,NEUTRAL,OPPOSITE,4,,,,,,,,,,,
204511,7,2,BUT,NEUTRAL,OPPOSITE,2,,,,,,,,,,,
25588,7,2,BUT,NEUTRAL,OPPOSITE,4,,,,,,,,,,,
16789,7,2,BUT,NEUTRAL,OPPOSITE,3,,,,,,,,,,,
19090,7,2,BUT,NEUTRAL,OPPOSITE,4,,,,,,,,,,,
23389,7,2,BUT,NEUTRAL,OPPOSITE,2,,,,,,,,,,,
24688,7,2,BUT,NEUTRAL,OPPOSITE,2,,,,,,,,,,,
24739,7,2,BUT,NEUTRAL,OPPOSITE,2,,,,,,,,,,,
25699,7,2,BUT,NEUTRAL,OPPOSITE,4,,,,,,,,,,,
25828,7,2,BUT,NEUTRAL,OPPOSITE,2,,,,,,,,,,,
25162,7,2,BUT,NEUTRAL,OPPOSITE,1,,,,,,,,,,,
23551,7,3,BUT,REL,SAME,4,,,,,,,,,,,
24706,7,3,BUT,REL,SAME,4,,,,,,,,,,,
24478,7,3,BUT,REL,SAME,3,,,,,,,,,,,
24613,7,3,BUT,REL,SAME,1,,,,,,,,,,,
204511,7,3,BUT,REL,SAME,1,,,,,,,,,,,
25588,7,3,BUT,REL,SAME,4,,,,,,,,,,,
16789,7,3,BUT,REL,SAME,1,,,,,,,,,,,
19090,7,3,BUT,REL,SAME,4,,,,,,,,,,,
23389,7,3,BUT,REL,SAME,2,,,,,,,,,,,
24688,7,3,BUT,REL,SAME,4,,,,,,,,,,,
24739,7,3,BUT,REL,SAME,5,,,,,,,,,,,
25699,7,3,BUT,REL,SAME,4,,,,,,,,,,,
25828,7,3,BUT,REL,SAME,2,,,,,,,,,,,
25162,7,3,BUT,REL,SAME,2,,,,,,,,,,,
23551,7,4,BUT,NEUTRAL,SAME,2,,,,,,,,,,,
24706,7,4,BUT,NEUTRAL,SAME,3,,,,,,,,,,,
24478,7,4,BUT,NEUTRAL,SAME,1,,,,,,,,,,,
24613,7,4,BUT,NEUTRAL,SAME,2,,,,,,,,,,,
204511,7,4,BUT,NEUTRAL,SAME,3,,,,,,,,,,,
25588,7,4,BUT,NEUTRAL,SAME,5,,,,,,,,,,,
16789,7,4,BUT,NEUTRAL,SAME,2,,,,,,,,,,,
19090,7,4,BUT,NEUTRAL,SAME,4,,,,,,,,,,,
23389,7,4,BUT,NEUTRAL,SAME,1,,,,,,,,,,,
24688,7,4,BUT,NEUTRAL,SAME,2,,,,,,,,,,,
24739,7,4,BUT,NEUTRAL,SAME,1,,,,,,,,,,,
25699,7,4,BUT,NEUTRAL,SAME,2,,,,,,,,,,,
25828,7,4,BUT,NEUTRAL,SAME,1,,,,,,,,,,,
25162,7,4,BUT,NEUTRAL,SAME,2,,,,,,,,,,,
23551,7,5,BUT,REL,OPPOSITE,3,,,,,,,,,,,
24706,7,5,BUT,REL,OPPOSITE,5,,,,,,,,,,,
24478,7,5,BUT,REL,OPPOSITE,2,,,,,,,,,,,
24613,7,5,BUT,REL,OPPOSITE,2,,,,,,,,,,,
204511,7,5,BUT,REL,OPPOSITE,2,,,,,,,,,,,
25588,7,5,BUT,REL,OPPOSITE,5,,,,,,,,,,,
16789,7,5,BUT,REL,OPPOSITE,3,,,,,,,,,,,
19090,7,5,BUT,REL,OPPOSITE,4,,,,,,,,,,,
23389,7,5,BUT,REL,OPPOSITE,1,,,,,,,,,,,
24688,7,5,BUT,REL,OPPOSITE,3,,,,,,,,,,,
24739,7,5,BUT,REL,OPPOSITE,5,,,,,,,,,,,
25699,7,5,BUT,REL,OPPOSITE,2,,,,,,,,,,,
25828,7,5,BUT,REL,OPPOSITE,1,,,,,,,,,,,
25162,7,5,BUT,REL,OPPOSITE,4,,,,,,,,,,,
23551,7,6,BUT,NEUTRAL,OPPOSITE,3,,,,,,,,,,,
24706,7,6,BUT,NEUTRAL,OPPOSITE,5,,,,,,,,,,,
24478,7,6,BUT,NEUTRAL,OPPOSITE,2,,,,,,,,,,,
24613,7,6,BUT,NEUTRAL,OPPOSITE,2,,,,,,,,,,,
204511,7,6,BUT,NEUTRAL,OPPOSITE,5,,,,,,,,,,,
25588,7,6,BUT,NEUTRAL,OPPOSITE,5,,,,,,,,,,,
16789,7,6,BUT,NEUTRAL,OPPOSITE,2,,,,,,,,,,,
19090,7,6,BUT,NEUTRAL,OPPOSITE,2,,,,,,,,,,,
23389,7,6,BUT,NEUTRAL,OPPOSITE,3,,,,,,,,,,,
24688,7,6,BUT,NEUTRAL,OPPOSITE,3,,,,,,,,,,,
24739,7,6,BUT,NEUTRAL,OPPOSITE,5,,,,,,,,,,,
25699,7,6,BUT,NEUTRAL,OPPOSITE,5,,,,,,,,,,,
25828,7,6,BUT,NEUTRAL,OPPOSITE,5,,,,,,,,,,,
25162,7,6,BUT,NEUTRAL,OPPOSITE,2,,,,,,,,,,,
23551,7,7,BUT,REL,SAME,2,,,,,,,,,,,
24706,7,7,BUT,REL,SAME,4,,,,,,,,,,,
24478,7,7,BUT,REL,SAME,5,,,,,,,,,,,
24613,7,7,BUT,REL,SAME,1,,,,,,,,,,,
204511,7,7,BUT,REL,SAME,5,,,,,,,,,,,
25588,7,7,BUT,REL,SAME,5,,,,,,,,,,,
16789,7,7,BUT,REL,SAME,2,,,,,,,,,,,
19090,7,7,BUT,REL,SAME,5,,,,,,,,,,,
23389,7,7,BUT,REL,SAME,2,,,,,,,,,,,
24688,7,7,BUT,REL,SAME,5,,,,,,,,,,,
24739,7,7,BUT,REL,SAME,4,,,,,,,,,,,
25699,7,7,BUT,REL,SAME,3,,,,,,,,,,,
25828,7,7,BUT,REL,SAME,1,,,,,,,,,,,
25162,7,7,BUT,REL,SAME,2,,,,,,,,,,,
23551,7,8,BUT,NEUTRAL,SAME,1,,,,,,,,,,,
24706,7,8,BUT,NEUTRAL,SAME,2,,,,,,,,,,,
24478,7,8,BUT,NEUTRAL,SAME,5,,,,,,,,,,,
24613,7,8,BUT,NEUTRAL,SAME,3,,,,,,,,,,,
204511,7,8,BUT,NEUTRAL,SAME,3,,,,,,,,,,,
25588,7,8,BUT,NEUTRAL,SAME,5,,,,,,,,,,,
16789,7,8,BUT,NEUTRAL,SAME,1,,,,,,,,,,,
19090,7,8,BUT,NEUTRAL,SAME,1,,,,,,,,,,,
23389,7,8,BUT,NEUTRAL,SAME,1,,,,,,,,,,,
24688,7,8,BUT,NEUTRAL,SAME,2,,,,,,,,,,,
24739,7,8,BUT,NEUTRAL,SAME,5,,,,,,,,,,,
25699,7,8,BUT,NEUTRAL,SAME,2,,,,,,,,,,,
25828,7,8,BUT,NEUTRAL,SAME,3,,,,,,,,,,,
25162,7,8,BUT,NEUTRAL,SAME,3,,,,,,,,,,,
23551,7,9,BUT,REL,OPPOSITE,3,,,,,,,,,,,
24706,7,9,BUT,REL,OPPOSITE,3,,,,,,,,,,,
24478,7,9,BUT,REL,OPPOSITE,2,,,,,,,,,,,
24613,7,9,BUT,REL,OPPOSITE,1,,,,,,,,,,,
204511,7,9,BUT,REL,OPPOSITE,1,,,,,,,,,,,
25588,7,9,BUT,REL,OPPOSITE,5,,,,,,,,,,,
16789,7,9,BUT,REL,OPPOSITE,4,,,,,,,,,,,
19090,7,9,BUT,REL,OPPOSITE,5,,,,,,,,,,,
23389,7,9,BUT,REL,OPPOSITE,3,,,,,,,,,,,
24688,7,9,BUT,REL,OPPOSITE,4,,,,,,,,,,,
24739,7,9,BUT,REL,OPPOSITE,5,,,,,,,,,,,
25699,7,9,BUT,REL,OPPOSITE,3,,,,,,,,,,,
25828,7,9,BUT,REL,OPPOSITE,1,,,,,,,,,,,
25162,7,9,BUT,REL,OPPOSITE,4,,,,,,,,,,,
23551,7,10,BUT,NEUTRAL,OPPOSITE,5,,,,,,,,,,,
24706,7,10,BUT,NEUTRAL,OPPOSITE,4,,,,,,,,,,,
24478,7,10,BUT,NEUTRAL,OPPOSITE,2,,,,,,,,,,,
24613,7,10,BUT,NEUTRAL,OPPOSITE,4,,,,,,,,,,,
204511,7,10,BUT,NEUTRAL,OPPOSITE,2,,,,,,,,,,,
25588,7,10,BUT,NEUTRAL,OPPOSITE,5,,,,,,,,,,,
16789,7,10,BUT,NEUTRAL,OPPOSITE,3,,,,,,,,,,,
19090,7,10,BUT,NEUTRAL,OPPOSITE,5,,,,,,,,,,,
23389,7,10,BUT,NEUTRAL,OPPOSITE,5,,,,,,,,,,,
24688,7,10,BUT,NEUTRAL,OPPOSITE,5,,,,,,,,,,,
24739,7,10,BUT,NEUTRAL,OPPOSITE,5,,,,,,,,,,,
25699,7,10,BUT,NEUTRAL,OPPOSITE,2,,,,,,,,,,,
25828,7,10,BUT,NEUTRAL,OPPOSITE,2,,,,,,,,,,,
25162,7,10,BUT,NEUTRAL,OPPOSITE,1,,,,,,,,,,,
23551,7,11,BUT,REL,SAME,3,,,,,,,,,,,
24706,7,11,BUT,REL,SAME,2,,,,,,,,,,,
24478,7,11,BUT,REL,SAME,1,,,,,,,,,,,
24613,7,11,BUT,REL,SAME,1,,,,,,,,,,,
204511,7,11,BUT,REL,SAME,1,,,,,,,,,,,
25588,7,11,BUT,REL,SAME,5,,,,,,,,,,,
16789,7,11,BUT,REL,SAME,2,,,,,,,,,,,
19090,7,11,BUT,REL,SAME,1,,,,,,,,,,,
23389,7,11,BUT,REL,SAME,1,,,,,,,,,,,
24688,7,11,BUT,REL,SAME,3,,,,,,,,,,,
24739,7,11,BUT,REL,SAME,5,,,,,,,,,,,
25699,7,11,BUT,REL,SAME,5,,,,,,,,,,,
25828,7,11,BUT,REL,SAME,1,,,,,,,,,,,
25162,7,11,BUT,REL,SAME,1,,,,,,,,,,,
23551,7,12,BUT,NEUTRAL,SAME,1,,,,,,,,,,,
24706,7,12,BUT,NEUTRAL,SAME,4,,,,,,,,,,,
24478,7,12,BUT,NEUTRAL,SAME,1,,,,,,,,,,,
24613,7,12,BUT,NEUTRAL,SAME,4,,,,,,,,,,,
204511,7,12,BUT,NEUTRAL,SAME,3,,,,,,,,,,,
25588,7,12,BUT,NEUTRAL,SAME,5,,,,,,,,,,,
16789,7,12,BUT,NEUTRAL,SAME,3,,,,,,,,,,,
19090,7,12,BUT,NEUTRAL,SAME,3,,,,,,,,,,,
23389,7,12,BUT,NEUTRAL,SAME,3,,,,,,,,,,,
24688,7,12,BUT,NEUTRAL,SAME,2,,,,,,,,,,,
24739,7,12,BUT,NEUTRAL,SAME,2,,,,,,,,,,,
25699,7,12,BUT,NEUTRAL,SAME,1,,,,,,,,,,,
25828,7,12,BUT,NEUTRAL,SAME,1,,,,,,,,,,,
25162,7,12,BUT,NEUTRAL,SAME,2,,,,,,,,,,,
23599,8,1,BUT,NEUTRAL,OPPOSITE,4,,,,,,,,,,,
24793,8,1,BUT,NEUTRAL,OPPOSITE,1,,,,,,,,,,,
22696,8,1,BUT,NEUTRAL,OPPOSITE,4,,,,,,,,,,,
24733,8,1,BUT,NEUTRAL,OPPOSITE,5,,,,,,,,,,,
20047,8,1,BUT,NEUTRAL,OPPOSITE,3,,,,,,,,,,,
23284,8,1,BUT,NEUTRAL,OPPOSITE,3,,,,,,,,,,,
25225,8,1,BUT,NEUTRAL,OPPOSITE,5,,,,,,,,,,,
23599,8,2,BUT,REL,SAME,4,,,,,,,,,,,
24793,8,2,BUT,REL,SAME,1,,,,,,,,,,,
22696,8,2,BUT,REL,SAME,4,,,,,,,,,,,
24733,8,2,BUT,REL,SAME,2,,,,,,,,,,,
20047,8,2,BUT,REL,SAME,4,,,,,,,,,,,
23284,8,2,BUT,REL,SAME,3,,,,,,,,,,,
25225,8,2,BUT,REL,SAME,4,,,,,,,,,,,
23599,8,3,BUT,NEUTRAL,SAME,3,,,,,,,,,,,
24793,8,3,BUT,NEUTRAL,SAME,3,,,,,,,,,,,
22696,8,3,BUT,NEUTRAL,SAME,3,,,,,,,,,,,
24733,8,3,BUT,NEUTRAL,SAME,3,,,,,,,,,,,
20047,8,3,BUT,NEUTRAL,SAME,3,,,,,,,,,,,
23284,8,3,BUT,NEUTRAL,SAME,4,,,,,,,,,,,
25225,8,3,BUT,NEUTRAL,SAME,3,,,,,,,,,,,
23599,8,4,BUT,REL,OPPOSITE,1,,,,,,,,,,,
24793,8,4,BUT,REL,OPPOSITE,5,,,,,,,,,,,
22696,8,4,BUT,REL,OPPOSITE,5,,,,,,,,,,,
24733,8,4,BUT,REL,OPPOSITE,3,,,,,,,,,,,
20047,8,4,BUT,REL,OPPOSITE,3,,,,,,,,,,,
23284,8,4,BUT,REL,OPPOSITE,3,,,,,,,,,,,
25225,8,4,BUT,REL,OPPOSITE,4,,,,,,,,,,,
23599,8,5,BUT,NEUTRAL,OPPOSITE,2,,,,,,,,,,,
24793,8,5,BUT,NEUTRAL,OPPOSITE,5,,,,,,,,,,,
22696,8,5,BUT,NEUTRAL,OPPOSITE,5,,,,,,,,,,,
24733,8,5,BUT,NEUTRAL,OPPOSITE,2,,,,,,,,,,,
20047,8,5,BUT,NEUTRAL,OPPOSITE,4,,,,,,,,,,,
23284,8,5,BUT,NEUTRAL,OPPOSITE,4,,,,,,,,,,,
25225,8,5,BUT,NEUTRAL,OPPOSITE,4,,,,,,,,,,,
23599,8,6,BUT,REL,SAME,4,,,,,,,,,,,
24793,8,6,BUT,REL,SAME,2,,,,,,,,,,,
22696,8,6,BUT,REL,SAME,4,,,,,,,,,,,
24733,8,6,BUT,REL,SAME,3,,,,,,,,,,,
20047,8,6,BUT,REL,SAME,2,,,,,,,,,,,
23284,8,6,BUT,REL,SAME,3,,,,,,,,,,,
25225,8,6,BUT,REL,SAME,5,,,,,,,,,,,
23599,8,7,BUT,NEUTRAL,SAME,2,,,,,,,,,,,
24793,8,7,BUT,NEUTRAL,SAME,1,,,,,,,,,,,
22696,8,7,BUT,NEUTRAL,SAME,5,,,,,,,,,,,
24733,8,7,BUT,NEUTRAL,SAME,3,,,,,,,,,,,
20047,8,7,BUT,NEUTRAL,SAME,5,,,,,,,,,,,
23284,8,7,BUT,NEUTRAL,SAME,4,,,,,,,,,,,
25225,8,7,BUT,NEUTRAL,SAME,4,,,,,,,,,,,
23599,8,8,BUT,REL,OPPOSITE,5,,,,,,,,,,,
24793,8,8,BUT,REL,OPPOSITE,5,,,,,,,,,,,
22696,8,8,BUT,REL,OPPOSITE,5,,,,,,,,,,,
24733,8,8,BUT,REL,OPPOSITE,3,,,,,,,,,,,
20047,8,8,BUT,REL,OPPOSITE,5,,,,,,,,,,,
23284,8,8,BUT,REL,OPPOSITE,4,,,,,,,,,,,
25225,8,8,BUT,REL,OPPOSITE,5,,,,,,,,,,,
23599,8,9,BUT,NEUTRAL,OPPOSITE,5,,,,,,,,,,,
24793,8,9,BUT,NEUTRAL,OPPOSITE,1,,,,,,,,,,,
22696,8,9,BUT,NEUTRAL,OPPOSITE,3,,,,,,,,,,,
24733,8,9,BUT,NEUTRAL,OPPOSITE,2,,,,,,,,,,,
20047,8,9,BUT,NEUTRAL,OPPOSITE,5,,,,,,,,,,,
23284,8,9,BUT,NEUTRAL,OPPOSITE,4,,,,,,,,,,,
25225,8,9,BUT,NEUTRAL,OPPOSITE,3,,,,,,,,,,,
23599,8,10,BUT,REL,SAME,4,,,,,,,,,,,
24793,8,10,BUT,REL,SAME,2,,,,,,,,,,,
22696,8,10,BUT,REL,SAME,3,,,,,,,,,,,
24733,8,10,BUT,REL,SAME,2,,,,,,,,,,,
20047,8,10,BUT,REL,SAME,5,,,,,,,,,,,
23284,8,10,BUT,REL,SAME,4,,,,,,,,,,,
25225,8,10,BUT,REL,SAME,3,,,,,,,,,,,
23599,8,11,BUT,NEUTRAL,SAME,2,,,,,,,,,,,
24793,8,11,BUT,NEUTRAL,SAME,2,,,,,,,,,,,
22696,8,11,BUT,NEUTRAL,SAME,2,,,,,,,,,,,
24733,8,11,BUT,NEUTRAL,SAME,1,,,,,,,,,,,
20047,8,11,BUT,NEUTRAL,SAME,4,,,,,,,,,,,
23284,8,11,BUT,NEUTRAL,SAME,2,,,,,,,,,,,
25225,8,11,BUT,NEUTRAL,SAME,2,,,,,,,,,,,
23599,8,12,BUT,REL,OPPOSITE,5,,,,,,,,,,,
24793,8,12,BUT,REL,OPPOSITE,5,,,,,,,,,,,
22696,8,12,BUT,REL,OPPOSITE,4,,,,,,,,,,,
24733,8,12,BUT,REL,OPPOSITE,4,,,,,,,,,,,
20047,8,12,BUT,REL,OPPOSITE,3,,,,,,,,,,,
23284,8,12,BUT,REL,OPPOSITE,3,,,,,,,,,,,
25225,8,12,BUT,REL,OPPOSITE,2,,,,,,,,,,,
,,,,,,,,,,,,,,,,,
,,,,,,,,,,,,,,,,,
,,,,,,,,,,,,,,,,,
,,,,,,,,,,,,,,,,,
,,,,,,,,,,,,,,,,,
,,,,,,,,,,,,,,,,,
,,,,,,,,,,,,,,,,,
,,,,,,,,,,,,,,,,,
,,,,,,,,,,,,,,,,,
,,,,,,,,,,,,,,,,,
,,,,,,,,,,,,,,,,,
,,,,,,,,,,,,,,,,,
,,,,,,,,,,,,,,,,,
,,,,,,,,,,,,,,,,,
,,,,,,,,,,,,,,,,,
,,,,,,,,,,,,,,,,,
,,,,,,,,,,,,,,,,,
,,,,,,,,,,,,,,,,,
,,,,,,,,,,,,,,,,,
,,,,,,,,,,,,,,,,,
,,,,,,,,,,,,,,,,,
,,,,,,,,,,,,,,,,,
,,,,,,,,,,,,,,,,,
,,,,,,,,,,,,,,,,,
,,,,,,,,,,,,,,,,,
,,,,,,,,,,,,,,,,,
,,,,,,,,,,,,,,,,,
,,,,,,,,,,,,,,,,,
,,,,,,,,,,,,,,,,,
,,,,,,,,,,,,,,,,,
,,,,,,,,,,,,,,,,,
,,,,,,,,,,,,,,,,,
,,,,,,,,,,,,,,,,,
,,,,,,,,,,,,,,,,,
,,,,,,,,,,,,,,,,,
,,,,,,,,,,,,,,,,,
,,,,,,,,,,,,,,,,,
,,,,,,,,,,,,,,,,,
,,,,,,,,,,,,,,,,,
,,,,,,,,,,,,,,,,,
,,,,,,,,,,,,,,,,,
,,,,,,,,,,,,,,,,,
,,,,,,,,,,,,,,,,,
,,,,,,,,,,,,,,,,,
,,,,,,,,,,,,,,,,,
,,,,,,,,,,,,,,,,,
,,,,,,,,,,,,,,,,,
,,,,,,,,,,,,,,,,,
,,,,,,,,,,,,,,,,,
,,,,,,,,,,,,,,,,,
,,,,,,,,,,,,,,,,,
,,,,,,,,,,,,,,,,,
,,,,,,,,,,,,,,,,,
,,,,,,,,,,,,,,,,,
,,,,,,,,,,,,,,,,,
,,,,,,,,,,,,,,,,,
,,,,,,,,,,,,,,,,,
,,,,,,,,,,,,,,,,,
,,,,,,,,,,,,,,,,,
,,,,,,,,,,,,,,,,,
,,,,,,,,,,,,,,,,,
,,,,,,,,,,,,,,,,,
,,,,,,,,,,,,,,,,,
,,,,,,,,,,,,,,,,,
,,,,,,,,,,,,,,,,,
,,,,,,,,,,,,,,,,,
,,,,,,,,,,,,,,,,,
,,,,,,,,,,,,,,,,,
,,,,,,,,,,,,,,,,,
,,,,,,,,,,,,,,,,,
,,,,,,,,,,,,,,,,,
,,,,,,,,,,,,,,,,,
,,,,,,,,,,,,,,,,,
,,,,,,,,,,,,,,,,,
,,,,,,,,,,,,,,,,,
,,,,,,,,,,,,,,,,,
,,,,,,,,,,,,,,,,,
,,,,,,,,,,,,,,,,,
,,,,,,,,,,,,,,,,,
,,,,,,,,,,,,,,,,,
,,,,,,,,,,,,,,,,,
,,,,,,,,,,,,,,,,,
,,,,,,,,,,,,,,,,,
,,,,,,,,,,,,,,,,,
,,,,,,,,,,,,,,,,,
,,,,,,,,,,,,,,,,,
,,,,,,,,,,,,,,,,,
,,,,,,,,,,,,,,,,,
,,,,,,,,,,,,,,,,,
,,,,,,,,,,,,,,,,,
,,,,,,,,,,,,,,,,,
,,,,,,,,,,,,,,,,,
,,,,,,,,,,,,,,,,,
,,,,,,,,,,,,,,,,,
,,,,,,,,,,,,,,,,,
,,,,,,,,,,,,,,,,,
,,,,,,,,,,,,,,,,,
,,,,,,,,,,,,,,,,,
,,,,,,,,,,,,,,,,,
,,,,,,,,,,,,,,,,,
,,,,,,,,,,,,,,,,,
,,,,,,,,,,,,,,,,,
,,,,,,,,,,,,,,,,,
,,,,,,,,,,,,,,,,,
,,,,,,,,,,,,,,,,,
,,,,,,,,,,,,,,,,,
,,,,,,,,,,,,,,,,,
,,,,,,,,,,,,,,,,,
,,,,,,,,,,,,,,,,,
,,,,,,,,,,,,,,,,,
,,,,,,,,,,,,,,,,,
,,,,,,,,,,,,,,,,,
,,,,,,,,,,,,,,,,,
,,,,,,,,,,,,,,,,,
,,,,,,,,,,,,,,,,,
,,,,,,,,,,,,,,,,,
,,,,,,,,,,,,,,,,,
,,,,,,,,,,,,,,,,,
,,,,,,,,,,,,,,,,,
,,,,,,,,,,,,,,,,,
,,,,,,,,,,,,,,,,,
,,,,,,,,,,,,,,,,,
,,,,,,,,,,,,,,,,,
,,,,,,,,,,,,,,,,,
,,,,,,,,,,,,,,,,,
,,,,,,,,,,,,,,,,,
,,,,,,,,,,,,,,,,,
,,,,,,,,,,,,,,,,,
,,,,,,,,,,,,,,,,,
,,,,,,,,,,,,,,,,,
,,,,,,,,,,,,,,,,,
,,,,,,,,,,,,,,,,,
,,,,,,,,,,,,,,,,,
,,,,,,,,,,,,,,,,,
,,,,,,,,,,,,,,,,,
,,,,,,,,,,,,,,,,,
,,,,,,,,,,,,,,,,,
,,,,,,,,,,,,,,,,,
,,,,,,,,,,,,,,,,,
,,,,,,,,,,,,,,,,,
,,,,,,,,,,,,,,,,,
,,,,,,,,,,,,,,,,,
,,,,,,,,,,,,,,,,,
,,,,,,,,,,,,,,,,,
,,,,,,,,,,,,,,,,,
,,,,,,,,,,,,,,,,,
,,,,,,,,,,,,,,,,,
,,,,,,,,,,,,,,,,,
,,,,,,,,,,,,,,,,,
,,,,,,,,,,,,,,,,,
,,,,,,,,,,,,,,,,,
,,,,,,,,,,,,,,,,,
,,,,,,,,,,,,,,,,,
,,,,,,,,,,,,,,,,,
,,,,,,,,,,,,,,,,,
,,,,,,,,,,,,,,,,,
,,,,,,,,,,,,,,,,,
,,,,,,,,,,,,,,,,,
,,,,,,,,,,,,,,,,,
,,,,,,,,,,,,,,,,,
,,,,,,,,,,,,,,,,,
,,,,,,,,,,,,,,,,,
,,,,,,,,,,,,,,,,,
,,,,,,,,,,,,,,,,,
,,,,,,,,,,,,,,,,,
,,,,,,,,,,,,,,,,,
,,,,,,,,,,,,,,,,,
,,,,,,,,,,,,,,,,,
,,,,,,,,,,,,,,,,,
,,,,,,,,,,,,,,,,,
,,,,,,,,,,,,,,,,,
,,,,,,,,,,,,,,,,,
,,,,,,,,,,,,,,,,,
,,,,,,,,,,,,,,,,,
,,,,,,,,,,,,,,,,,
,,,,,,,,,,,,,,,,,
,,,,,,,,,,,,,,,,,
,,,,,,,,,,,,,,,,,
,,,,,,,,,,,,,,,,,
,,,,,,,,,,,,,,,,,
,,,,,,,,,,,,,,,,,
,,,,,,,,,,,,,,,,,
,,,,,,,,,,,,,,,,,
,,,,,,,,,,,,,,,,,
,,,,,,,,,,,,,,,,,
,,,,,,,,,,,,,,,,,
,,,,,,,,,,,,,,,,,
,,,,,,,,,,,,,,,,,
,,,,,,,,,,,,,,,,,
,,,,,,,,,,,,,,,,,
,,,,,,,,,,,,,,,,,
,,,,,,,,,,,,,,,,,
,,,,,,,,,,,,,,,,,
,,,,,,,,,,,,,,,,,
,,,,,,,,,,,,,,,,,
,,,,,,,,,,,,,,,,,
,,,,,,,,,,,,,,,,,
,,,,,,,,,,,,,,,,,
,,,,,,,,,,,,,,,,,
,,,,,,,,,,,,,,,,,
,,,,,,,,,,,,,,,,,
,,,,,,,,,,,,,,,,,
,,,,,,,,,,,,,,,,,
,,,,,,,,,,,,,,,,,
,,,,,,,,,,,,,,,,,
,,,,,,,,,,,,,,,,,
,,,,,,,,,,,,,,,,,
,,,,,,,,,,,,,,,,,
,,,,,,,,,,,,,,,,,
,,,,,,,,,,,,,,,,,
,,,,,,,,,,,,,,,,,
,,,,,,,,,,,,,,,,,
,,,,,,,,,,,,,,,,,
,,,,,,,,,,,,,,,,,
,,,,,,,,,,,,,,,,,
,,,,,,,,,,,,,,,,,
,,,,,,,,,,,,,,,,,
,,,,,,,,,,,,,,,,,
,,,,,,,,,,,,,,,,,
,,,,,,,,,,,,,,,,,
,,,,,,,,,,,,,,,,,
,,,,,,,,,,,,,,,,,
,,,,,,,,,,,,,,,,,
,,,,,,,,,,,,,,,,,
,,,,,,,,,,,,,,,,,
,,,,,,,,,,,,,,,,,
,,,,,,,,,,,,,,,,,
,,,,,,,,,,,,,,,,,
,,,,,,,,,,,,,,,,,
,,,,,,,,,,,,,,,,,
,,,,,,,,,,,,,,,,,
,,,,,,,,,,,,,,,,,
,,,,,,,,,,,,,,,,,
,,,,,,,,,,,,,,,,,
,,,,,,,,,,,,,,,,,
,,,,,,,,,,,,,,,,,
,,,,,,,,,,,,,,,,,
,,,,,,,,,,,,,,,,,
,,,,,,,,,,,,,,,,,
,,,,,,,,,,,,,,,,,
,,,,,,,,,,,,,,,,,
,,,,,,,,,,,,,,,,,
,,,,,,,,,,,,,,,,,
,,,,,,,,,,,,,,,,,
,,,,,,,,,,,,,,,,,
,,,,,,,,,,,,,,,,,
,,,,,,,,,,,,,,,,,
,,,,,,,,,,,,,,,,,
,,,,,,,,,,,,,,,,,
,,,,,,,,,,,,,,,,,
,,,,,,,,,,,,,,,,,
,,,,,,,,,,,,,,,,,
,,,,,,,,,,,,,,,,,
,,,,,,,,,,,,,,,,,
,,,,,,,,,,,,,,,,,
,,,,,,,,,,,,,,,,,
,,,,,,,,,,,,,,,,,
,,,,,,,,,,,,,,,,,
,,,,,,,,,,,,,,,,,
,,,,,,,,,,,,,,,,,
,,,,,,,,,,,,,,,,,
,,,,,,,,,,,,,,,,,
,,,,,,,,,,,,,,,,,
,,,,,,,,,,,,,,,,,
,,,,,,,,,,,,,,,,,
,,,,,,,,,,,,,,,,,
,,,,,,,,,,,,,,,,,
,,,,,,,,,,,,,,,,,
,,,,,,,,,,,,,,,,,
,,,,,,,,,,,,,,,,,
,,,,,,,,,,,,,,,,,
,,,,,,,,,,,,,,,,,
,,,,,,,,,,,,,,,,,
,,,,,,,,,,,,,,,,,
,,,,,,,,,,,,,,,,,
,,,,,,,,,,,,,,,,,
,,,,,,,,,,,,,,,,,
,,,,,,,,,,,,,,,,,
,,,,,,,,,,,,,,,,,
,,,,,,,,,,,,,,,,,
,,,,,,,,,,,,,,,,,
,,,,,,,,,,,,,,,,,
,,,,,,,,,,,,,,,,,
,,,,,,,,,,,,,,,,,
,,,,,,,,,,,,,,,,,
,,,,,,,,,,,,,,,,,
,,,,,,,,,,,,,,,,,
,,,,,,,,,,,,,,,,,
,,,,,,,,,,,,,,,,,
,,,,,,,,,,,,,,,,,
,,,,,,,,,,,,,,,,,
,,,,,,,,,,,,,,,,,
,,,,,,,,,,,,,,,,,
,,,,,,,,,,,,,,,,,
,,,,,,,,,,,,,,,,,
,,,,,,,,,,,,,,,,,
,,,,,,,,,,,,,,,,,
,,,,,,,,,,,,,,,,,
,,,,,,,,,,,,,,,,,
,,,,,,,,,,,,,,,,,
,,,,,,,,,,,,,,,,,
,,,,,,,,,,,,,,,,,
,,,,,,,,,,,,,,,,,
,,,,,,,,,,,,,,,,,
,,,,,,,,,,,,,,,,,
,,,,,,,,,,,,,,,,,
,,,,,,,,,,,,,,,,,
,,,,,,,,,,,,,,,,,
,,,,,,,,,,,,,,,,,
,,,,,,,,,,,,,,,,,
,,,,,,,,,,,,,,,,,
,,,,,,,,,,,,,,,,,
,,,,,,,,,,,,,,,,,
,,,,,,,,,,,,,,,,,
,,,,,,,,,,,,,,,,,
,,,,,,,,,,,,,,,,,
,,,,,,,,,,,,,,,,,
,,,,,,,,,,,,,,,,,
,,,,,,,,,,,,,,,,,
,,,,,,,,,,,,,,,,,
,,,,,,,,,,,,,,,,,
,,,,,,,,,,,,,,,,,
,,,,,,,,,,,,,,,,,
,,,,,,,,,,,,,,,,,
,,,,,,,,,,,,,,,,,
,,,,,,,,,,,,,,,,,
,,,,,,,,,,,,,,,,,
,,,,,,,,,,,,,,,,,
,,,,,,,,,,,,,,,,,
,,,,,,,,,,,,,,,,,
,,,,,,,,,,,,,,,,,
,,,,,,,,,,,,,,,,,
,,,,,,,,,,,,,,,,,
,,,,,,,,,,,,,,,,,
,,,,,,,,,,,,,,,,,
,,,,,,,,,,,,,,,,,
,,,,,,,,,,,,,,,,,
,,,,,,,,,,,,,,,,,
,,,,,,,,,,,,,,,,,
,,,,,,,,,,,,,,,,,
,,,,,,,,,,,,,,,,,
,,,,,,,,,,,,,,,,,
,,,,,,,,,,,,,,,,,
,,,,,,,,,,,,,,,,,
,,,,,,,,,,,,,,,,,
,,,,,,,,,,,,,,,,,
,,,,,,,,,,,,,,,,,
,,,,,,,,,,,,,,,,,
,,,,,,,,,,,,,,,,,
,,,,,,,,,,,,,,,,,
,,,,,,,,,,,,,,,,,
,,,,,,,,,,,,,,,,,
,,,,,,,,,,,,,,,,,
,,,,,,,,,,,,,,,,,
,,,,,,,,,,,,,,,,,
,,,,,,,,,,,,,,,,,
,,,,,,,,,,,,,,,,,
,,,,,,,,,,,,,,,,,
,,,,,,,,,,,,,,,,,
,,,,,,,,,,,,,,,,,
,,,,,,,,,,,,,,,,,
,,,,,,,,,,,,,,,,,
,,,,,,,,,,,,,,,,,
,,,,,,,,,,,,,,,,,
,,,,,,,,,,,,,,,,,
,,,,,,,,,,,,,,,,,
,,,,,,,,,,,,,,,,,
,,,,,,,,,,,,,,,,,
,,,,,,,,,,,,,,,,,
,,,,,,,,,,,,,,,,,
,,,,,,,,,,,,,,,,,
,,,,,,,,,,,,,,,,,
,,,,,,,,,,,,,,,,,
,,,,,,,,,,,,,,,,,
,,,,,,,,,,,,,,,,,
,,,,,,,,,,,,,,,,,
,,,,,,,,,,,,,,,,,
,,,,,,,,,,,,,,,,,
,,,,,,,,,,,,,,,,,
,,,,,,,,,,,,,,,,,
,,,,,,,,,,,,,,,,,
,,,,,,,,,,,,,,,,,
,,,,,,,,,,,,,,,,,
,,,,,,,,,,,,,,,,,
,,,,,,,,,,,,,,,,,
,,,,,,,,,,,,,,,,,
,,,,,,,,,,,,,,,,,
,,,,,,,,,,,,,,,,,
,,,,,,,,,,,,,,,,,
,,,,,,,,,,,,,,,,,
,,,,,,,,,,,,,,,,,
,,,,,,,,,,,,,,,,,
,,,,,,,,,,,,,,,,,
,,,,,,,,,,,,,,,,,
,,,,,,,,,,,,,,,,,
,,,,,,,,,,,,,,,,,
,,,,,,,,,,,,,,,,,
,,,,,,,,,,,,,,,,,
,,,,,,,,,,,,,,,,,
,,,,,,,,,,,,,,,,,
,,,,,,,,,,,,,,,,,
,,,,,,,,,,,,,,,,,
,,,,,,,,,,,,,,,,,
,,,,,,,,,,,,,,,,,
,,,,,,,,,,,,,,,,,
,,,,,,,,,,,,,,,,,
,,,,,,,,,,,,,,,,,
,,,,,,,,,,,,,,,,,
,,,,,,,,,,,,,,,,,
,,,,,,,,,,,,,,,,,
,,,,,,,,,,,,,,,,,
,,,,,,,,,,,,,,,,,
,,,,,,,,,,,,,,,,,
,,,,,,,,,,,,,,,,,
,,,,,,,,,,,,,,,,,
,,,,,,,,,,,,,,,,,
,,,,,,,,,,,,,,,,,
,,,,,,,,,,,,,,,,,
,,,,,,,,,,,,,,,,,
,,,,,,,,,,,,,,,,,
,,,,,,,,,,,,,,,,,
,,,,,,,,,,,,,,,,,
,,,,,,,,,,,,,,,,,
,,,,,,,,,,,,,,,,,
,,,,,,,,,,,,,,,,,
,,,,,,,,,,,,,,,,,
,,,,,,,,,,,,,,,,,
,,,,,,,,,,,,,,,,,
,,,,,,,,,,,,,,,,,
,,,,,,,,,,,,,,,,,
,,,,,,,,,,,,,,,,,
,,,,,,,,,,,,,,,,,
,,,,,,,,,,,,,,,,,
,,,,,,,,,,,,,,,,,
,,,,,,,,,,,,,,,,,
,,,,,,,,,,,,,,,,,
,,,,,,,,,,,,,,,,,
,,,,,,,,,,,,,,,,,
,,,,,,,,,,,,,,,,,
,,,,,,,,,,,,,,,,,
,,,,,,,,,,,,,,,,,
,,,,,,,,,,,,,,,,,
,,,,,,,,,,,,,,,,,
,,,,,,,,,,,,,,,,,
,,,,,,,,,,,,,,,,,
,,,,,,,,,,,,,,,,,
,,,,,,,,,,,,,,,,,
,,,,,,,,,,,,,,,,,
,,,,,,,,,,,,,,,,,
,,,,,,,,,,,,,,,,,
,,,,,,,,,,,,,,,,,
,,,,,,,,,,,,,,,,,
,,,,,,,,,,,,,,,,,
,,,,,,,,,,,,,,,,,
,,,,,,,,,,,,,,,,,
,,,,,,,,,,,,,,,,,
,,,,,,,,,,,,,,,,,
,,,,,,,,,,,,,,,,,
,,,,,,,,,,,,,,,,,
,,,,,,,,,,,,,,,,,
,,,,,,,,,,,,,,,,,
,,,,,,,,,,,,,,,,,
,,,,,,,,,,,,,,,,,
,,,,,,,,,,,,,,,,,
,,,,,,,,,,,,,,,,,
,,,,,,,,,,,,,,,,,
,,,,,,,,,,,,,,,,,
,,,,,,,,,,,,,,,,,
,,,,,,,,,,,,,,,,,
,,,,,,,,,,,,,,,,,
,,,,,,,,,,,,,,,,,
,,,,,,,,,,,,,,,,,
,,,,,,,,,,,,,,,,,
,,,,,,,,,,,,,,,,,
,,,,,,,,,,,,,,,,,
,,,,,,,,,,,,,,,,,
,,,,,,,,,,,,,,,,,
,,,,,,,,,,,,,,,,,
,,,,,,,,,,,,,,,,,
,,,,,,,,,,,,,,,,,
,,,,,,,,,,,,,,,,,
,,,,,,,,,,,,,,,,,
,,,,,,,,,,,,,,,,,
,,,,,,,,,,,,,,,,,
,,,,,,,,,,,,,,,,,
,,,,,,,,,,,,,,,,,
,,,,,,,,,,,,,,,,,
,,,,,,,,,,,,,,,,,
,,,,,,,,,,,,,,,,,
,,,,,,,,,,,,,,,,,
,,,,,,,,,,,,,,,,,
,,,,,,,,,,,,,,,,,
,,,,,,,,,,,,,,,,,
,,,,,,,,,,,,,,,,,
,,,,,,,,,,,,,,,,,
,,,,,,,,,,,,,,,,,
,,,,,,,,,,,,,,,,,
,,,,,,,,,,,,,,,,,
,,,,,,,,,,,,,,,,,
,,,,,,,,,,,,,,,,,
,,,,,,,,,,,,,,,,,
,,,,,,,,,,,,,,,,,
,,,,,,,,,,,,,,,,,
,,,,,,,,,,,,,,,,,
,,,,,,,,,,,,,,,,,
,,,,,,,,,,,,,,,,,
,,,,,,,,,,,,,,,,,
,,,,,,,,,,,,,,,,,
,,,,,,,,,,,,,,,,,
,,,,,,,,,,,,,,,,,
,,,,,,,,,,,,,,,,,
,,,,,,,,,,,,,,,,,
,,,,,,,,,,,,,,,,,
,,,,,,,,,,,,,,,,,
,,,,,,,,,,,,,,,,,
,,,,,,,,,,,,,,,,,
,,,,,,,,,,,,,,,,,
,,,,,,,,,,,,,,,,,
,,,,,,,,,,,,,,,,,
,,,,,,,,,,,,,,,,,
,,,,,,,,,,,,,,,,,
,,,,,,,,,,,,,,,,,
,,,,,,,,,,,,,,,,,
,,,,,,,,,,,,,,,,,
,,,,,,,,,,,,,,,,,
,,,,,,,,,,,,,,,,,
,,,,,,,,,,,,,,,,,
,,,,,,,,,,,,,,,,,
,,,,,,,,,,,,,,,,,
,,,,,,,,,,,,,,,,,
,,,,,,,,,,,,,,,,,
,,,,,,,,,,,,,,,,,
,,,,,,,,,,,,,,,,,
,,,,,,,,,,,,,,,,,
,,,,,,,,,,,,,,,,,
,,,,,,,,,,,,,,,,,
,,,,,,,,,,,,,,,,,
,,,,,,,,,,,,,,,,,
,,,,,,,,,,,,,,,,,
,,,,,,,,,,,,,,,,,
,,,,,,,,,,,,,,,,,
,,,,,,,,,,,,,,,,,
,,,,,,,,,,,,,,,,,
,,,,,,,,,,,,,,,,,
,,,,,,,,,,,,,,,,,
,,,,,,,,,,,,,,,,,
,,,,,,,,,,,,,,,,,
,,,,,,,,,,,,,,,,,
,,,,,,,,,,,,,,,,,
,,,,,,,,,,,,,,,,,
,,,,,,,,,,,,,,,,,
,,,,,,,,,,,,,,,,,
,,,,,,,,,,,,,,,,,
,,,,,,,,,,,,,,,,,
,,,,,,,,,,,,,,,,,
,,,,,,,,,,,,,,,,,
,,,,,,,,,,,,,,,,,
,,,,,,,,,,,,,,,,,
,,,,,,,,,,,,,,,,,
,,,,,,,,,,,,,,,,,
,,,,,,,,,,,,,,,,,
,,,,,,,,,,,,,,,,,
,,,,,,,,,,,,,,,,,
,,,,,,,,,,,,,,,,,
,,,,,,,,,,,,,,,,,
,,,,,,,,,,,,,,,,,
,,,,,,,,,,,,,,,,,
,,,,,,,,,,,,,,,,,
,,,,,,,,,,,,,,,,,
,,,,,,,,,,,,,,,,,
,,,,,,,,,,,,,,,,,
,,,,,,,,,,,,,,,,,
,,,,,,,,,,,,,,,,,
,,,,,,,,,,,,,,,,,
,,,,,,,,,,,,,,,,,
,,,,,,,,,,,,,,,,,
,,,,,,,,,,,,,,,,,
,,,,,,,,,,,,,,,,,
,,,,,,,,,,,,,,,,,
,,,,,,,,,,,,,,,,,
,,,,,,,,,,,,,,,,,
,,,,,,,,,,,,,,,,,
,,,,,,,,,,,,,,,,,
,,,,,,,,,,,,,,,,,
,,,,,,,,,,,,,,,,,
,,,,,,,,,,,,,,,,,
,,,,,,,,,,,,,,,,,
,,,,,,,,,,,,,,,,,
,,,,,,,,,,,,,,,,,
,,,,,,,,,,,,,,,,,
,,,,,,,,,,,,,,,,,
,,,,,,,,,,,,,,,,,
,,,,,,,,,,,,,,,,,
,,,,,,,,,,,,,,,,,
,,,,,,,,,,,,,,,,,
,,,,,,,,,,,,,,,,,
,,,,,,,,,,,,,,,,,
,,,,,,,,,,,,,,,,,
,,,,,,,,,,,,,,,,,
,,,,,,,,,,,,,,,,,
,,,,,,,,,,,,,,,,,
,,,,,,,,,,,,,,,,,
,,,,,,,,,,,,,,,,,
,,,,,,,,,,,,,,,,,
,,,,,,,,,,,,,,,,,
,,,,,,,,,,,,,,,,,
,,,,,,,,,,,,,,,,,
,,,,,,,,,,,,,,,,,
,,,,,,,,,,,,,,,,,
,,,,,,,,,,,,,,,,,
,,,,,,,,,,,,,,,,,
,,,,,,,,,,,,,,,,,
,,,,,,,,,,,,,,,,,
,,,,,,,,,,,,,,,,,
,,,,,,,,,,,,,,,,,
,,,,,,,,,,,,,,,,,
,,,,,,,,,,,,,,,,,
,,,,,,,,,,,,,,,,,
,,,,,,,,,,,,,,,,,
,,,,,,,,,,,,,,,,,
,,,,,,,,,,,,,,,,,
,,,,,,,,,,,,,,,,,
,,,,,,,,,,,,,,,,,
,,,,,,,,,,,,,,,,,
,,,,,,,,,,,,,,,,,
,,,,,,,,,,,,,,,,,
,,,,,,,,,,,,,,,,,
,,,,,,,,,,,,,,,,,
,,,,,,,,,,,,,,,,,
,,,,,,,,,,,,,,,,,
,,,,,,,,,,,,,,,,,
,,,,,,,,,,,,,,,,,
,,,,,,,,,,,,,,,,,
,,,,,,,,,,,,,,,,,
,,,,,,,,,,,,,,,,,
,,,,,,,,,,,,,,,,,
,,,,,,,,,,,,,,,,,
,,,,,,,,,,,,,,,,,
,,,,,,,,,,,,,,,,,
,,,,,,,,,,,,,,,,,
,,,,,,,,,,,,,,,,,
,,,,,,,,,,,,,,,,,
,,,,,,,,,,,,,,,,,
,,,,,,,,,,,,,,,,,
,,,,,,,,,,,,,,,,,
,,,,,,,,,,,,,,,,,
,,,,,,,,,,,,,,,,,
,,,,,,,,,,,,,,,,,
,,,,,,,,,,,,,,,,,
,,,,,,,,,,,,,,,,,
,,,,,,,,,,,,,,,,,
,,,,,,,,,,,,,,,,,
,,,,,,,,,,,,,,,,,
,,,,,,,,,,,,,,,,,
,,,,,,,,,,,,,,,,,
,,,,,,,,,,,,,,,,,
,,,,,,,,,,,,,,,,,
,,,,,,,,,,,,,,,,,
,,,,,,,,,,,,,,,,,
,,,,,,,,,,,,,,,,,
,,,,,,,,,,,,,,,,,
,,,,,,,,,,,,,,,,,
,,,,,,,,,,,,,,,,,
,,,,,,,,,,,,,,,,,
,,,,,,,,,,,,,,,,,
,,,,,,,,,,,,,,,,,
,,,,,,,,,,,,,,,,,
,,,,,,,,,,,,,,,,,
,,,,,,,,,,,,,,,,,
,,,,,,,,,,,,,,,,,
,,,,,,,,,,,,,,,,,
,,,,,,,,,,,,,,,,,
,,,,,,,,,,,,,,,,,
,,,,,,,,,,,,,,,,,
,,,,,,,,,,,,,,,,,
,,,,,,,,,,,,,,,,,
,,,,,,,,,,,,,,,,,
,,,,,,,,,,,,,,,,,
,,,,,,,,,,,,,,,,,
,,,,,,,,,,,,,,,,,
,,,,,,,,,,,,,,,,,
,,,,,,,,,,,,,,,,,
,,,,,,,,,,,,,,,,,
,,,,,,,,,,,,,,,,,
,,,,,,,,,,,,,,,,,
,,,,,,,,,,,,,,,,,
,,,,,,,,,,,,,,,,,
,,,,,,,,,,,,,,,,,
,,,,,,,,,,,,,,,,,
,,,,,,,,,,,,,,,,,
,,,,,,,,,,,,,,,,,
,,,,,,,,,,,,,,,,,
,,,,,,,,,,,,,,,,,
,,,,,,,,,,,,,,,,,
,,,,,,,,,,,,,,,,,
,,,,,,,,,,,,,,,,,
,,,,,,,,,,,,,,,,,
,,,,,,,,,,,,,,,,,
,,,,,,,,,,,,,,,,,
,,,,,,,,,,,,,,,,,
,,,,,,,,,,,,,,,,,
,,,,,,,,,,,,,,,,,
,,,,,,,,,,,,,,,,,
,,,,,,,,,,,,,,,,,
,,,,,,,,,,,,,,,,,
,,,,,,,,,,,,,,,,,
,,,,,,,,,,,,,,,,,
,,,,,,,,,,,,,,,,,
,,,,,,,,,,,,,,,,,
,,,,,,,,,,,,,,,,,
,,,,,,,,,,,,,,,,,
,,,,,,,,,,,,,,,,,
,,,,,,,,,,,,,,,,,
,,,,,,,,,,,,,,,,,
,,,,,,,,,,,,,,,,,
,,,,,,,,,,,,,,,,,
,,,,,,,,,,,,,,,,,
,,,,,,,,,,,,,,,,,
,,,,,,,,,,,,,,,,,
,,,,,,,,,,,,,,,,,
,,,,,,,,,,,,,,,,,
,,,,,,,,,,,,,,,,,
,,,,,,,,,,,,,,,,,
,,,,,,,,,,,,,,,,,
,,,,,,,,,,,,,,,,,
,,,,,,,,,,,,,,,,,
,,,,,,,,,,,,,,,,,
,,,,,,,,,,,,,,,,,
,,,,,,,,,,,,,,,,,
,,,,,,,,,,,,,,,,,
,,,,,,,,,,,,,,,,,
,,,,,,,,,,,,,,,,,
,,,,,,,,,,,,,,,,,
,,,,,,,,,,,,,,,,,
,,,,,,,,,,,,,,,,,
,,,,,,,,,,,,,,,,,
,,,,,,,,,,,,,,,,,
,,,,,,,,,,,,,,,,,
,,,,,,,,,,,,,,,,,
,,,,,,,,,,,,,,,,,
,,,,,,,,,,,,,,,,,
,,,,,,,,,,,,,,,,,
,,,,,,,,,,,,,,,,,
,,,,,,,,,,,,,,,,,
,,,,,,,,,,,,,,,,,
,,,,,,,,,,,,,,,,,
,,,,,,,,,,,,,,,,,
,,,,,,,,,,,,,,,,,
,,,,,,,,,,,,,,,,,
,,,,,,,,,,,,,,,,,
,,,,,,,,,,,,,,,,,
,,,,,,,,,,,,,,,,,
,,,,,,,,,,,,,,,,,
,,,,,,,,,,,,,,,,,
,,,,,,,,,,,,,,,,,
,,,,,,,,,,,,,,,,,
,,,,,,,,,,,,,,,,,
,,,,,,,,,,,,,,,,,
,,,,,,,,,,,,,,,,,
,,,,,,,,,,,,,,,,,
,,,,,,,,,,,,,,,,,
,,,,,,,,,,,,,,,,,
,,,,,,,,,,,,,,,,,
,,,,,,,,,,,,,,,,,
,,,,,,,,,,,,,,,,,
,,,,,,,,,,,,,,,,,
,,,,,,,,,,,,,,,,,
,,,,,,,,,,,,,,,,,
,,,,,,,,,,,,,,,,,
,,,,,,,,,,,,,,,,,
,,,,,,,,,,,,,,,,,
,,,,,,,,,,,,,,,,,
,,,,,,,,,,,,,,,,,
,,,,,,,,,,,,,,,,,
,,,,,,,,,,,,,,,,,
,,,,,,,,,,,,,,,,,
,,,,,,,,,,,,,,,,,
,,,,,,,,,,,,,,,,,
,,,,,,,,,,,,,,,,,
,,,,,,,,,,,,,,,,,
,,,,,,,,,,,,,,,,,
,,,,,,,,,,,,,,,,,
,,,,,,,,,,,,,,,,,
,,,,,,,,,,,,,,,,,
,,,,,,,,,,,,,,,,,
,,,,,,,,,,,,,,,,,
,,,,,,,,,,,,,,,,,
,,,,,,,,,,,,,,,,,
,,,,,,,,,,,,,,,,,
,,,,,,,,,,,,,,,,,
,,,,,,,,,,,,,,,,,
,,,,,,,,,,,,,,,,,
,,,,,,,,,,,,,,,,,
,,,,,,,,,,,,,,,,,
,,,,,,,,,,,,,,,,,
,,,,,,,,,,,,,,,,,
,,,,,,,,,,,,,,,,,
,,,,,,,,,,,,,,,,,
,,,,,,,,,,,,,,,,,
,,,,,,,,,,,,,,,,,
,,,,,,,,,,,,,,,,,
,,,,,,,,,,,,,,,,,
,,,,,,,,,,,,,,,,,
,,,,,,,,,,,,,,,,,
,,,,,,,,,,,,,,,,,
,,,,,,,,,,,,,,,,,
,,,,,,,,,,,,,,,,,
,,,,,,,,,,,,,,,,,
,,,,,,,,,,,,,,,,,
,,,,,,,,,,,,,,,,,
,,,,,,,,,,,,,,,,,
,,,,,,,,,,,,,,,,,
,,,,,,,,,,,,,,,,,
,,,,,,,,,,,,,,,,,
,,,,,,,,,,,,,,,,,
,,,,,,,,,,,,,,,,,
,,,,,,,,,,,,,,,,,
,,,,,,,,,,,,,,,,,
,,,,,,,,,,,,,,,,,
,,,,,,,,,,,,,,,,,
,,,,,,,,,,,,,,,,,
,,,,,,,,,,,,,,,,,
,,,,,,,,,,,,,,,,,
,,,,,,,,,,,,,,,,,
,,,,,,,,,,,,,,,,,
,,,,,,,,,,,,,,,,,
,,,,,,,,,,,,,,,,,
,,,,,,,,,,,,,,,,,
,,,,,,,,,,,,,,,,,
,,,,,,,,,,,,,,,,,
,,,,,,,,,,,,,,,,,
,,,,,,,,,,,,,,,,,
,,,,,,,,,,,,,,,,,
,,,,,,,,,,,,,,,,,
,,,,,,,,,,,,,,,,,
,,,,,,,,,,,,,,,,,
,,,,,,,,,,,,,,,,,