participants,version,item number,conjunct,order,only present?,Rating
24148,1,1,BUT,WS,ONLY,3
197014,1,1,BUT,WS,ONLY,5
24520,1,1,BUT,WS,ONLY,1
23494,1,1,BUT,WS,ONLY,5
24145,1,1,BUT,WS,ONLY,3
23374,1,1,BUT,WS,ONLY,3
23050,1,1,BUT,WS,ONLY,4
24499,1,1,BUT,WS,ONLY,2
22846,1,1,BUT,WS,ONLY,5
24232,1,1,BUT,WS,ONLY,5
23386,1,1,BUT,WS,ONLY,2
23722,1,1,BUT,WS,ONLY,3
23389,1,1,BUT,WS,ONLY,4
25765,1,1,BUT,WS,ONLY,5
24148,1,2,BUT,WS,NO,3
197014,1,2,BUT,WS,NO,5
24520,1,2,BUT,WS,NO,4
23494,1,2,BUT,WS,NO,4
24145,1,2,BUT,WS,NO,1
23374,1,2,BUT,WS,NO,5
23050,1,2,BUT,WS,NO,2
24499,1,2,BUT,WS,NO,2
22846,1,2,BUT,WS,NO,5
24232,1,2,BUT,WS,NO,2
23386,1,2,BUT,WS,NO,5
23722,1,2,BUT,WS,NO,4
23389,1,2,BUT,WS,NO,3
25765,1,2,BUT,WS,NO,5
24148,1,3,BUT,SW,ONLY,4
197014,1,3,BUT,SW,ONLY,3
24520,1,3,BUT,SW,ONLY,1
23494,1,3,BUT,SW,ONLY,5
24145,1,3,BUT,SW,ONLY,2
23374,1,3,BUT,SW,ONLY,4
23050,1,3,BUT,SW,ONLY,1
24499,1,3,BUT,SW,ONLY,1
22846,1,3,BUT,SW,ONLY,2
24232,1,3,BUT,SW,ONLY,1
23386,1,3,BUT,SW,ONLY,2
23722,1,3,BUT,SW,ONLY,2
23389,1,3,BUT,SW,ONLY,2
25765,1,3,BUT,SW,ONLY,4
24148,1,4,BUT,SW,NO,4
197014,1,4,BUT,SW,NO,1
24520,1,4,BUT,SW,NO,2
23494,1,4,BUT,SW,NO,5
24145,1,4,BUT,SW,NO,2
23374,1,4,BUT,SW,NO,2
23050,1,4,BUT,SW,NO,2
24499,1,4,BUT,SW,NO,1
22846,1,4,BUT,SW,NO,2
24232,1,4,BUT,SW,NO,1
23386,1,4,BUT,SW,NO,3
23722,1,4,BUT,SW,NO,1
23389,1,4,BUT,SW,NO,2
25765,1,4,BUT,SW,NO,1
24148,1,5,BUT,WS,ONLY,5
197014,1,5,BUT,WS,ONLY,5
24520,1,5,BUT,WS,ONLY,4
23494,1,5,BUT,WS,ONLY,1
24145,1,5,BUT,WS,ONLY,4
23374,1,5,BUT,WS,ONLY,5
23050,1,5,BUT,WS,ONLY,3
24499,1,5,BUT,WS,ONLY,5
22846,1,5,BUT,WS,ONLY,5
24232,1,5,BUT,WS,ONLY,1
23386,1,5,BUT,WS,ONLY,4
23722,1,5,BUT,WS,ONLY,4
23389,1,5,BUT,WS,ONLY,3
25765,1,5,BUT,WS,ONLY,5
24148,1,6,BUT,WS,NO,5
197014,1,6,BUT,WS,NO,5
24520,1,6,BUT,WS,NO,5
23494,1,6,BUT,WS,NO,5
24145,1,6,BUT,WS,NO,2
23374,1,6,BUT,WS,NO,4
23050,1,6,BUT,WS,NO,3
24499,1,6,BUT,WS,NO,4
22846,1,6,BUT,WS,NO,5
24232,1,6,BUT,WS,NO,1
23386,1,6,BUT,WS,NO,1
23722,1,6,BUT,WS,NO,1
23389,1,6,BUT,WS,NO,2
25765,1,6,BUT,WS,NO,5
24148,1,7,BUT,SW,ONLY,3
197014,1,7,BUT,SW,ONLY,1
24520,1,7,BUT,SW,ONLY,3
23494,1,7,BUT,SW,ONLY,3
24145,1,7,BUT,SW,ONLY,5
23374,1,7,BUT,SW,ONLY,4
23050,1,7,BUT,SW,ONLY,4
24499,1,7,BUT,SW,ONLY,4
22846,1,7,BUT,SW,ONLY,5
24232,1,7,BUT,SW,ONLY,5
23386,1,7,BUT,SW,ONLY,1
23722,1,7,BUT,SW,ONLY,1
23389,1,7,BUT,SW,ONLY,4
25765,1,7,BUT,SW,ONLY,2
24148,1,8,BUT,SW,NO,5
197014,1,8,BUT,SW,NO,2
24520,1,8,BUT,SW,NO,4
23494,1,8,BUT,SW,NO,4
24145,1,8,BUT,SW,NO,2
23374,1,8,BUT,SW,NO,4
23050,1,8,BUT,SW,NO,2
24499,1,8,BUT,SW,NO,1
22846,1,8,BUT,SW,NO,4
24232,1,8,BUT,SW,NO,2
23386,1,8,BUT,SW,NO,4
23722,1,8,BUT,SW,NO,2
23389,1,8,BUT,SW,NO,2
25765,1,8,BUT,SW,NO,4
24148,1,9,BUT,WS,ONLY,2
197014,1,9,BUT,WS,ONLY,5
24520,1,9,BUT,WS,ONLY,3
23494,1,9,BUT,WS,ONLY,1
24145,1,9,BUT,WS,ONLY,3
23374,1,9,BUT,WS,ONLY,3
23050,1,9,BUT,WS,ONLY,3
24499,1,9,BUT,WS,ONLY,1
22846,1,9,BUT,WS,ONLY,5
24232,1,9,BUT,WS,ONLY,3
23386,1,9,BUT,WS,ONLY,4
23722,1,9,BUT,WS,ONLY,1
23389,1,9,BUT,WS,ONLY,2
25765,1,9,BUT,WS,ONLY,3
24148,1,10,BUT,WS,NO,5
197014,1,10,BUT,WS,NO,4
24520,1,10,BUT,WS,NO,3
23494,1,10,BUT,WS,NO,5
24145,1,10,BUT,WS,NO,1
23374,1,10,BUT,WS,NO,3
23050,1,10,BUT,WS,NO,3
24499,1,10,BUT,WS,NO,4
22846,1,10,BUT,WS,NO,2
24232,1,10,BUT,WS,NO,1
23386,1,10,BUT,WS,NO,5
23722,1,10,BUT,WS,NO,2
23389,1,10,BUT,WS,NO,2
25765,1,10,BUT,WS,NO,4
24148,1,11,BUT,SW,ONLY,3
197014,1,11,BUT,SW,ONLY,1
24520,1,11,BUT,SW,ONLY,1
23494,1,11,BUT,SW,ONLY,1
24145,1,11,BUT,SW,ONLY,2
23374,1,11,BUT,SW,ONLY,4
23050,1,11,BUT,SW,ONLY,1
24499,1,11,BUT,SW,ONLY,2
22846,1,11,BUT,SW,ONLY,1
24232,1,11,BUT,SW,ONLY,1
23386,1,11,BUT,SW,ONLY,3
23722,1,11,BUT,SW,ONLY,5
23389,1,11,BUT,SW,ONLY,1
25765,1,11,BUT,SW,ONLY,1
24148,1,12,BUT,SW,NO,4
197014,1,12,BUT,SW,NO,5
24520,1,12,BUT,SW,NO,4
23494,1,12,BUT,SW,NO,4
24145,1,12,BUT,SW,NO,4
23374,1,12,BUT,SW,NO,5
23050,1,12,BUT,SW,NO,3
24499,1,12,BUT,SW,NO,3
22846,1,12,BUT,SW,NO,5
24232,1,12,BUT,SW,NO,5
23386,1,12,BUT,SW,NO,5
23722,1,12,BUT,SW,NO,2
23389,1,12,BUT,SW,NO,4
25765,1,12,BUT,SW,NO,1
24148,1,13,BUT,WS,ONLY,5
197014,1,13,BUT,WS,ONLY,5
24520,1,13,BUT,WS,ONLY,3
23494,1,13,BUT,WS,ONLY,5
24145,1,13,BUT,WS,ONLY,4
23374,1,13,BUT,WS,ONLY,4
23050,1,13,BUT,WS,ONLY,3
24499,1,13,BUT,WS,ONLY,5
22846,1,13,BUT,WS,ONLY,5
24232,1,13,BUT,WS,ONLY,1
23386,1,13,BUT,WS,ONLY,3
23722,1,13,BUT,WS,ONLY,2
23389,1,13,BUT,WS,ONLY,2
25765,1,13,BUT,WS,ONLY,5
24148,1,14,BUT,WS,NO,4
197014,1,14,BUT,WS,NO,4
24520,1,14,BUT,WS,NO,2
23494,1,14,BUT,WS,NO,4
24145,1,14,BUT,WS,NO,1
23374,1,14,BUT,WS,NO,5
23050,1,14,BUT,WS,NO,2
24499,1,14,BUT,WS,NO,1
22846,1,14,BUT,WS,NO,5
24232,1,14,BUT,WS,NO,2
23386,1,14,BUT,WS,NO,3
23722,1,14,BUT,WS,NO,1
23389,1,14,BUT,WS,NO,4
25765,1,14,BUT,WS,NO,5
24148,1,15,BUT,SW,ONLY,5
197014,1,15,BUT,SW,ONLY,5
24520,1,15,BUT,SW,ONLY,5
23494,1,15,BUT,SW,ONLY,5
24145,1,15,BUT,SW,ONLY,5
23374,1,15,BUT,SW,ONLY,5
23050,1,15,BUT,SW,ONLY,3
24499,1,15,BUT,SW,ONLY,5
22846,1,15,BUT,SW,ONLY,4
24232,1,15,BUT,SW,ONLY,1
23386,1,15,BUT,SW,ONLY,5
23722,1,15,BUT,SW,ONLY,4
23389,1,15,BUT,SW,ONLY,3
25765,1,15,BUT,SW,ONLY,5
24148,1,16,BUT,SW,NO,5
197014,1,16,BUT,SW,NO,2
24520,1,16,BUT,SW,NO,3
23494,1,16,BUT,SW,NO,2
24145,1,16,BUT,SW,NO,1
23374,1,16,BUT,SW,NO,5
23050,1,16,BUT,SW,NO,1
24499,1,16,BUT,SW,NO,1
22846,1,16,BUT,SW,NO,2
24232,1,16,BUT,SW,NO,1
23386,1,16,BUT,SW,NO,2
23722,1,16,BUT,SW,NO,1
23389,1,16,BUT,SW,NO,2
25765,1,16,BUT,SW,NO,2
24187,2,1,BUT,WS,NO,5
25846,2,1,BUT,WS,NO,5
24160,2,1,BUT,WS,NO,4
24694,2,1,BUT,WS,NO,5
22519,2,1,BUT,WS,NO,5
20395,2,1,BUT,WS,NO,3
21670,2,1,BUT,WS,NO,5
24463,2,1,BUT,WS,NO,5
24187,2,2,BUT,SW,ONLY,5
25846,2,2,BUT,SW,ONLY,1
24160,2,2,BUT,SW,ONLY,1
24694,2,2,BUT,SW,ONLY,4
22519,2,2,BUT,SW,ONLY,4
20395,2,2,BUT,SW,ONLY,4
21670,2,2,BUT,SW,ONLY,4
24463,2,2,BUT,SW,ONLY,3
24187,2,3,BUT,SW,NO,1
25846,2,3,BUT,SW,NO,1
24160,2,3,BUT,SW,NO,3
24694,2,3,BUT,SW,NO,4
22519,2,3,BUT,SW,NO,4
20395,2,3,BUT,SW,NO,3
21670,2,3,BUT,SW,NO,4
24463,2,3,BUT,SW,NO,2
24187,2,4,BUT,WS,ONLY,3
25846,2,4,BUT,WS,ONLY,3
24160,2,4,BUT,WS,ONLY,3
24694,2,4,BUT,WS,ONLY,4
22519,2,4,BUT,WS,ONLY,5
20395,2,4,BUT,WS,ONLY,5
21670,2,4,BUT,WS,ONLY,5
24463,2,4,BUT,WS,ONLY,5
24187,2,5,BUT,WS,NO,1
25846,2,5,BUT,WS,NO,1
24160,2,5,BUT,WS,NO,3
24694,2,5,BUT,WS,NO,4
22519,2,5,BUT,WS,NO,5
20395,2,5,BUT,WS,NO,4
21670,2,5,BUT,WS,NO,5
24463,2,5,BUT,WS,NO,5
24187,2,6,BUT,SW,ONLY,1
25846,2,6,BUT,SW,ONLY,3
24160,2,6,BUT,SW,ONLY,3
24694,2,6,BUT,SW,ONLY,4
22519,2,6,BUT,SW,ONLY,4
20395,2,6,BUT,SW,ONLY,5
21670,2,6,BUT,SW,ONLY,4
24463,2,6,BUT,SW,ONLY,2
24187,2,7,BUT,SW,NO,1
25846,2,7,BUT,SW,NO,2
24160,2,7,BUT,SW,NO,4
24694,2,7,BUT,SW,NO,3
22519,2,7,BUT,SW,NO,5
20395,2,7,BUT,SW,NO,5
21670,2,7,BUT,SW,NO,5
24463,2,7,BUT,SW,NO,2
24187,2,8,BUT,WS,ONLY,5
25846,2,8,BUT,WS,ONLY,4
24160,2,8,BUT,WS,ONLY,1
24694,2,8,BUT,WS,ONLY,4
22519,2,8,BUT,WS,ONLY,5
20395,2,8,BUT,WS,ONLY,3
21670,2,8,BUT,WS,ONLY,5
24463,2,8,BUT,WS,ONLY,4
24187,2,9,BUT,WS,NO,2
25846,2,9,BUT,WS,NO,4
24160,2,9,BUT,WS,NO,4
24694,2,9,BUT,WS,NO,4
22519,2,9,BUT,WS,NO,4
20395,2,9,BUT,WS,NO,5
21670,2,9,BUT,WS,NO,4
24463,2,9,BUT,WS,NO,5
24187,2,10,BUT,SW,ONLY,1
25846,2,10,BUT,SW,ONLY,1
24160,2,10,BUT,SW,ONLY,1
24694,2,10,BUT,SW,ONLY,2
22519,2,10,BUT,SW,ONLY,4
20395,2,10,BUT,SW,ONLY,3
21670,2,10,BUT,SW,ONLY,4
24463,2,10,BUT,SW,ONLY,3
24187,2,11,BUT,SW,NO,1
25846,2,11,BUT,SW,NO,1
24160,2,11,BUT,SW,NO,4
24694,2,11,BUT,SW,NO,2
22519,2,11,BUT,SW,NO,3
20395,2,11,BUT,SW,NO,4
21670,2,11,BUT,SW,NO,1
24463,2,11,BUT,SW,NO,3
24187,2,12,BUT,WS,ONLY,5
25846,2,12,BUT,WS,ONLY,3
24160,2,12,BUT,WS,ONLY,3
24694,2,12,BUT,WS,ONLY,4
22519,2,12,BUT,WS,ONLY,5
20395,2,12,BUT,WS,ONLY,3
21670,2,12,BUT,WS,ONLY,5
24463,2,12,BUT,WS,ONLY,5
24187,2,13,BUT,WS,NO,4
25846,2,13,BUT,WS,NO,4
24160,2,13,BUT,WS,NO,4
24694,2,13,BUT,WS,NO,5
22519,2,13,BUT,WS,NO,4
20395,2,13,BUT,WS,NO,5
21670,2,13,BUT,WS,NO,5
24463,2,13,BUT,WS,NO,5
24187,2,14,BUT,SW,ONLY,1
25846,2,14,BUT,SW,ONLY,1
24160,2,14,BUT,SW,ONLY,1
24694,2,14,BUT,SW,ONLY,1
22519,2,14,BUT,SW,ONLY,3
20395,2,14,BUT,SW,ONLY,3
21670,2,14,BUT,SW,ONLY,1
24463,2,14,BUT,SW,ONLY,2
24187,2,15,BUT,SW,NO,4
25846,2,15,BUT,SW,NO,4
24160,2,15,BUT,SW,NO,5
24694,2,15,BUT,SW,NO,5
22519,2,15,BUT,SW,NO,4
20395,2,15,BUT,SW,NO,5
21670,2,15,BUT,SW,NO,5
24463,2,15,BUT,SW,NO,3
24187,2,16,BUT,WS,ONLY,1
25846,2,16,BUT,WS,ONLY,1
24160,2,16,BUT,WS,ONLY,1
24694,2,16,BUT,WS,ONLY,5
22519,2,16,BUT,WS,ONLY,4
20395,2,16,BUT,WS,ONLY,4
21670,2,16,BUT,WS,ONLY,4
24463,2,16,BUT,WS,ONLY,5
23641,3,1,BUT,SW,ONLY,3
24601,3,1,BUT,SW,ONLY,5
21394,3,1,BUT,SW,ONLY,4
24190,3,1,BUT,SW,ONLY,5
24541,3,1,BUT,SW,ONLY,5
24157,3,1,BUT,SW,ONLY,4
24619,3,1,BUT,SW,ONLY,4
24673,3,1,BUT,SW,ONLY,1
23398,3,1,BUT,SW,ONLY,5
20617,3,1,BUT,SW,ONLY,4
206206,3,1,BUT,SW,ONLY,5
22576,3,1,BUT,SW,ONLY,2
23863,3,1,BUT,SW,ONLY,5
23563,3,1,BUT,SW,ONLY,5
21016,3,1,BUT,SW,ONLY,5
23641,3,2,BUT,SW,NO,1
24601,3,2,BUT,SW,NO,1
21394,3,2,BUT,SW,NO,1
24190,3,2,BUT,SW,NO,1
24541,3,2,BUT,SW,NO,1
24157,3,2,BUT,SW,NO,4
24619,3,2,BUT,SW,NO,3
24673,3,2,BUT,SW,NO,2
23398,3,2,BUT,SW,NO,2
20617,3,2,BUT,SW,NO,4
206206,3,2,BUT,SW,NO,1
22576,3,2,BUT,SW,NO,4
23863,3,2,BUT,SW,NO,2
23563,3,2,BUT,SW,NO,2
21016,3,2,BUT,SW,NO,2
23641,3,3,BUT,WS,ONLY,2
24601,3,3,BUT,WS,ONLY,2
21394,3,3,BUT,WS,ONLY,1
24190,3,3,BUT,WS,ONLY,2
24541,3,3,BUT,WS,ONLY,2
24157,3,3,BUT,WS,ONLY,3
24619,3,3,BUT,WS,ONLY,3
24673,3,3,BUT,WS,ONLY,5
23398,3,3,BUT,WS,ONLY,4
20617,3,3,BUT,WS,ONLY,2
206206,3,3,BUT,WS,ONLY,3
22576,3,3,BUT,WS,ONLY,3
23863,3,3,BUT,WS,ONLY,1
23563,3,3,BUT,WS,ONLY,1
21016,3,3,BUT,WS,ONLY,2
23641,3,4,BUT,WS,NO,2
24601,3,4,BUT,WS,NO,5
21394,3,4,BUT,WS,NO,3
24190,3,4,BUT,WS,NO,4
24541,3,4,BUT,WS,NO,5
24157,3,4,BUT,WS,NO,5
24619,3,4,BUT,WS,NO,5
24673,3,4,BUT,WS,NO,5
23398,3,4,BUT,WS,NO,2
20617,3,4,BUT,WS,NO,4
206206,3,4,BUT,WS,NO,5
22576,3,4,BUT,WS,NO,5
23863,3,4,BUT,WS,NO,3
23563,3,4,BUT,WS,NO,3
21016,3,4,BUT,WS,NO,4
23641,3,5,BUT,SW,ONLY,2
24601,3,5,BUT,SW,ONLY,4
21394,3,5,BUT,SW,ONLY,1
24190,3,5,BUT,SW,ONLY,1
24541,3,5,BUT,SW,ONLY,1
24157,3,5,BUT,SW,ONLY,4
24619,3,5,BUT,SW,ONLY,5
24673,3,5,BUT,SW,ONLY,2
23398,3,5,BUT,SW,ONLY,3
20617,3,5,BUT,SW,ONLY,3
206206,3,5,BUT,SW,ONLY,1
22576,3,5,BUT,SW,ONLY,1
23863,3,5,BUT,SW,ONLY,4
23563,3,5,BUT,SW,ONLY,3
21016,3,5,BUT,SW,ONLY,1
23641,3,6,BUT,SW,NO,1
24601,3,6,BUT,SW,NO,4
21394,3,6,BUT,SW,NO,1
24190,3,6,BUT,SW,NO,5
24541,3,6,BUT,SW,NO,2
24157,3,6,BUT,SW,NO,2
24619,3,6,BUT,SW,NO,4
24673,3,6,BUT,SW,NO,5
23398,3,6,BUT,SW,NO,5
20617,3,6,BUT,SW,NO,2
206206,3,6,BUT,SW,NO,3
22576,3,6,BUT,SW,NO,5
23863,3,6,BUT,SW,NO,2
23563,3,6,BUT,SW,NO,2
21016,3,6,BUT,SW,NO,1
23641,3,7,BUT,WS,ONLY,3
24601,3,7,BUT,WS,ONLY,4
21394,3,7,BUT,WS,ONLY,1
24190,3,7,BUT,WS,ONLY,2
24541,3,7,BUT,WS,ONLY,5
24157,3,7,BUT,WS,ONLY,4
24619,3,7,BUT,WS,ONLY,5
24673,3,7,BUT,WS,ONLY,4
23398,3,7,BUT,WS,ONLY,2
20617,3,7,BUT,WS,ONLY,3
206206,3,7,BUT,WS,ONLY,4
22576,3,7,BUT,WS,ONLY,2
23863,3,7,BUT,WS,ONLY,5
23563,3,7,BUT,WS,ONLY,5
21016,3,7,BUT,WS,ONLY,5
23641,3,8,BUT,WS,NO,4
24601,3,8,BUT,WS,NO,5
21394,3,8,BUT,WS,NO,3
24190,3,8,BUT,WS,NO,1
24541,3,8,BUT,WS,NO,5
24157,3,8,BUT,WS,NO,3
24619,3,8,BUT,WS,NO,5
24673,3,8,BUT,WS,NO,5
23398,3,8,BUT,WS,NO,5
20617,3,8,BUT,WS,NO,3
206206,3,8,BUT,WS,NO,5
22576,3,8,BUT,WS,NO,2
23863,3,8,BUT,WS,NO,5
23563,3,8,BUT,WS,NO,5
21016,3,8,BUT,WS,NO,5
23641,3,9,BUT,SW,ONLY,1
24601,3,9,BUT,SW,ONLY,3
21394,3,9,BUT,SW,ONLY,1
24190,3,9,BUT,SW,ONLY,3
24541,3,9,BUT,SW,ONLY,2
24157,3,9,BUT,SW,ONLY,2
24619,3,9,BUT,SW,ONLY,4
24673,3,9,BUT,SW,ONLY,4
23398,3,9,BUT,SW,ONLY,3
20617,3,9,BUT,SW,ONLY,3
206206,3,9,BUT,SW,ONLY,3
22576,3,9,BUT,SW,ONLY,2
23863,3,9,BUT,SW,ONLY,4
23563,3,9,BUT,SW,ONLY,4
21016,3,9,BUT,SW,ONLY,4
23641,3,10,BUT,SW,NO,1
24601,3,10,BUT,SW,NO,2
21394,3,10,BUT,SW,NO,2
24190,3,10,BUT,SW,NO,1
24541,3,10,BUT,SW,NO,2
24157,3,10,BUT,SW,NO,4
24619,3,10,BUT,SW,NO,5
24673,3,10,BUT,SW,NO,4
23398,3,10,BUT,SW,NO,3
20617,3,10,BUT,SW,NO,3
206206,3,10,BUT,SW,NO,3
22576,3,10,BUT,SW,NO,1
23863,3,10,BUT,SW,NO,1
23563,3,10,BUT,SW,NO,2
21016,3,10,BUT,SW,NO,1
23641,3,11,BUT,WS,ONLY,3
24601,3,11,BUT,WS,ONLY,4
21394,3,11,BUT,WS,ONLY,1
24190,3,11,BUT,WS,ONLY,4
24541,3,11,BUT,WS,ONLY,1
24157,3,11,BUT,WS,ONLY,1
24619,3,11,BUT,WS,ONLY,4
24673,3,11,BUT,WS,ONLY,4
23398,3,11,BUT,WS,ONLY,4
20617,3,11,BUT,WS,ONLY,4
206206,3,11,BUT,WS,ONLY,4
22576,3,11,BUT,WS,ONLY,3
23863,3,11,BUT,WS,ONLY,1
23563,3,11,BUT,WS,ONLY,3
21016,3,11,BUT,WS,ONLY,5
23641,3,12,BUT,WS,NO,5
24601,3,12,BUT,WS,NO,5
21394,3,12,BUT,WS,NO,3
24190,3,12,BUT,WS,NO,4
24541,3,12,BUT,WS,NO,5
24157,3,12,BUT,WS,NO,5
24619,3,12,BUT,WS,NO,5
24673,3,12,BUT,WS,NO,4
23398,3,12,BUT,WS,NO,5
20617,3,12,BUT,WS,NO,4
206206,3,12,BUT,WS,NO,5
22576,3,12,BUT,WS,NO,4
23863,3,12,BUT,WS,NO,5
23563,3,12,BUT,WS,NO,4
21016,3,12,BUT,WS,NO,5
23641,3,13,BUT,SW,ONLY,4
24601,3,13,BUT,SW,ONLY,4
21394,3,13,BUT,SW,ONLY,4
24190,3,13,BUT,SW,ONLY,4
24541,3,13,BUT,SW,ONLY,4
24157,3,13,BUT,SW,ONLY,4
24619,3,13,BUT,SW,ONLY,4
24673,3,13,BUT,SW,ONLY,3
23398,3,13,BUT,SW,ONLY,3
20617,3,13,BUT,SW,ONLY,2
206206,3,13,BUT,SW,ONLY,2
22576,3,13,BUT,SW,ONLY,2
23863,3,13,BUT,SW,ONLY,3
23563,3,13,BUT,SW,ONLY,3
21016,3,13,BUT,SW,ONLY,1
23641,3,14,BUT,SW,NO,2
24601,3,14,BUT,SW,NO,5
21394,3,14,BUT,SW,NO,1
24190,3,14,BUT,SW,NO,5
24541,3,14,BUT,SW,NO,3
24157,3,14,BUT,SW,NO,2
24619,3,14,BUT,SW,NO,5
24673,3,14,BUT,SW,NO,3
23398,3,14,BUT,SW,NO,2
20617,3,14,BUT,SW,NO,4
206206,3,14,BUT,SW,NO,3
22576,3,14,BUT,SW,NO,1
23863,3,14,BUT,SW,NO,4
23563,3,14,BUT,SW,NO,1
21016,3,14,BUT,SW,NO,1
23641,3,15,BUT,WS,ONLY,5
24601,3,15,BUT,WS,ONLY,5
21394,3,15,BUT,WS,ONLY,1
24190,3,15,BUT,WS,ONLY,3
24541,3,15,BUT,WS,ONLY,5
24157,3,15,BUT,WS,ONLY,5
24619,3,15,BUT,WS,ONLY,5
24673,3,15,BUT,WS,ONLY,5
23398,3,15,BUT,WS,ONLY,4
20617,3,15,BUT,WS,ONLY,3
206206,3,15,BUT,WS,ONLY,3
22576,3,15,BUT,WS,ONLY,2
23863,3,15,BUT,WS,ONLY,5
23563,3,15,BUT,WS,ONLY,5
21016,3,15,BUT,WS,ONLY,5
23641,3,16,BUT,WS,NO,4
24601,3,16,BUT,WS,NO,5
21394,3,16,BUT,WS,NO,2
24190,3,16,BUT,WS,NO,2
24541,3,16,BUT,WS,NO,5
24157,3,16,BUT,WS,NO,5
24619,3,16,BUT,WS,NO,5
24673,3,16,BUT,WS,NO,4
23398,3,16,BUT,WS,NO,5
20617,3,16,BUT,WS,NO,4
206206,3,16,BUT,WS,NO,5
22576,3,16,BUT,WS,NO,5
23863,3,16,BUT,WS,NO,5
23563,3,16,BUT,WS,NO,4
21016,3,16,BUT,WS,NO,5
20545,4,1,BUT,SW,NO,4
24994,4,1,BUT,SW,NO,2
21145,4,1,BUT,SW,NO,3
24178,4,1,BUT,SW,NO,4
202585,4,1,BUT,SW,NO,4
24517,4,1,BUT,SW,NO,5
25450,4,1,BUT,SW,NO,5
25705,4,1,BUT,SW,NO,2
25273,4,1,BUT,SW,NO,4
22702,4,1,BUT,SW,NO,2
22582,4,1,BUT,SW,NO,5
25570,4,1,BUT,SW,NO,4
20545,4,2,BUT,WS,ONLY,1
24994,4,2,BUT,WS,ONLY,4
21145,4,2,BUT,WS,ONLY,3
24178,4,2,BUT,WS,ONLY,3
202585,4,2,BUT,WS,ONLY,4
24517,4,2,BUT,WS,ONLY,2
25450,4,2,BUT,WS,ONLY,3
25705,4,2,BUT,WS,ONLY,2
25273,4,2,BUT,WS,ONLY,5
22702,4,2,BUT,WS,ONLY,4
22582,4,2,BUT,WS,ONLY,4
25570,4,2,BUT,WS,ONLY,4
20545,4,3,BUT,WS,NO,5
24994,4,3,BUT,WS,NO,3
21145,4,3,BUT,WS,NO,2
24178,4,3,BUT,WS,NO,4
202585,4,3,BUT,WS,NO,4
24517,4,3,BUT,WS,NO,5
25450,4,3,BUT,WS,NO,4
25705,4,3,BUT,WS,NO,2
25273,4,3,BUT,WS,NO,3
22702,4,3,BUT,WS,NO,4
22582,4,3,BUT,WS,NO,1
25570,4,3,BUT,WS,NO,5
20545,4,4,BUT,SW,ONLY,5
24994,4,4,BUT,SW,ONLY,1
21145,4,4,BUT,SW,ONLY,1
24178,4,4,BUT,SW,ONLY,2
202585,4,4,BUT,SW,ONLY,4
24517,4,4,BUT,SW,ONLY,5
25450,4,4,BUT,SW,ONLY,4
25705,4,4,BUT,SW,ONLY,4
25273,4,4,BUT,SW,ONLY,3
22702,4,4,BUT,SW,ONLY,2
22582,4,4,BUT,SW,ONLY,3
25570,4,4,BUT,SW,ONLY,4
20545,4,5,BUT,SW,NO,1
24994,4,5,BUT,SW,NO,4
21145,4,5,BUT,SW,NO,1
24178,4,5,BUT,SW,NO,2
202585,4,5,BUT,SW,NO,4
24517,4,5,BUT,SW,NO,4
25450,4,5,BUT,SW,NO,3
25705,4,5,BUT,SW,NO,1
25273,4,5,BUT,SW,NO,1
22702,4,5,BUT,SW,NO,1
22582,4,5,BUT,SW,NO,4
25570,4,5,BUT,SW,NO,4
20545,4,6,BUT,WS,ONLY,2
24994,4,6,BUT,WS,ONLY,4
21145,4,6,BUT,WS,ONLY,3
24178,4,6,BUT,WS,ONLY,3
202585,4,6,BUT,WS,ONLY,4
24517,4,6,BUT,WS,ONLY,5
25450,4,6,BUT,WS,ONLY,3
25705,4,6,BUT,WS,ONLY,3
25273,4,6,BUT,WS,ONLY,2
22702,4,6,BUT,WS,ONLY,1
22582,4,6,BUT,WS,ONLY,1
25570,4,6,BUT,WS,ONLY,4
20545,4,7,BUT,WS,NO,2
24994,4,7,BUT,WS,NO,1
21145,4,7,BUT,WS,NO,4
24178,4,7,BUT,WS,NO,2
202585,4,7,BUT,WS,NO,4
24517,4,7,BUT,WS,NO,4
25450,4,7,BUT,WS,NO,5
25705,4,7,BUT,WS,NO,1
25273,4,7,BUT,WS,NO,5
22702,4,7,BUT,WS,NO,1
22582,4,7,BUT,WS,NO,1
25570,4,7,BUT,WS,NO,5
20545,4,8,BUT,SW,ONLY,4
24994,4,8,BUT,SW,ONLY,1
21145,4,8,BUT,SW,ONLY,2
24178,4,8,BUT,SW,ONLY,3
202585,4,8,BUT,SW,ONLY,4
24517,4,8,BUT,SW,ONLY,4
25450,4,8,BUT,SW,ONLY,2
25705,4,8,BUT,SW,ONLY,5
25273,4,8,BUT,SW,ONLY,3
22702,4,8,BUT,SW,ONLY,2
22582,4,8,BUT,SW,ONLY,2
25570,4,8,BUT,SW,ONLY,2
20545,4,9,BUT,SW,NO,5
24994,4,9,BUT,SW,NO,4
21145,4,9,BUT,SW,NO,2
24178,4,9,BUT,SW,NO,2
202585,4,9,BUT,SW,NO,3
24517,4,9,BUT,SW,NO,4
25450,4,9,BUT,SW,NO,2
25705,4,9,BUT,SW,NO,1
25273,4,9,BUT,SW,NO,1
22702,4,9,BUT,SW,NO,1
22582,4,9,BUT,SW,NO,2
25570,4,9,BUT,SW,NO,4
20545,4,10,BUT,WS,ONLY,3
24994,4,10,BUT,WS,ONLY,3
21145,4,10,BUT,WS,ONLY,2
24178,4,10,BUT,WS,ONLY,1
202585,4,10,BUT,WS,ONLY,4
24517,4,10,BUT,WS,ONLY,4
25450,4,10,BUT,WS,ONLY,2
25705,4,10,BUT,WS,ONLY,2
25273,4,10,BUT,WS,ONLY,3
22702,4,10,BUT,WS,ONLY,1
22582,4,10,BUT,WS,ONLY,1
25570,4,10,BUT,WS,ONLY,5
20545,4,11,BUT,WS,NO,5
24994,4,11,BUT,WS,NO,1
21145,4,11,BUT,WS,NO,3
24178,4,11,BUT,WS,NO,1
202585,4,11,BUT,WS,NO,4
24517,4,11,BUT,WS,NO,5
25450,4,11,BUT,WS,NO,5
25705,4,11,BUT,WS,NO,4
25273,4,11,BUT,WS,NO,2
22702,4,11,BUT,WS,NO,1
22582,4,11,BUT,WS,NO,2
25570,4,11,BUT,WS,NO,5
20545,4,12,BUT,SW,ONLY,3
24994,4,12,BUT,SW,ONLY,5
21145,4,12,BUT,SW,ONLY,3
24178,4,12,BUT,SW,ONLY,3
202585,4,12,BUT,SW,ONLY,4
24517,4,12,BUT,SW,ONLY,5
25450,4,12,BUT,SW,ONLY,1
25705,4,12,BUT,SW,ONLY,1
25273,4,12,BUT,SW,ONLY,2
22702,4,12,BUT,SW,ONLY,2
22582,4,12,BUT,SW,ONLY,1
25570,4,12,BUT,SW,ONLY,2
20545,4,13,BUT,SW,NO,2
24994,4,13,BUT,SW,NO,1
21145,4,13,BUT,SW,NO,1
24178,4,13,BUT,SW,NO,3
202585,4,13,BUT,SW,NO,4
24517,4,13,BUT,SW,NO,5
25450,4,13,BUT,SW,NO,1
25705,4,13,BUT,SW,NO,1
25273,4,13,BUT,SW,NO,2
22702,4,13,BUT,SW,NO,5
22582,4,13,BUT,SW,NO,1
25570,4,13,BUT,SW,NO,4
20545,4,14,BUT,WS,ONLY,2
24994,4,14,BUT,WS,ONLY,2
21145,4,14,BUT,WS,ONLY,5
24178,4,14,BUT,WS,ONLY,1
202585,4,14,BUT,WS,ONLY,4
24517,4,14,BUT,WS,ONLY,3
25450,4,14,BUT,WS,ONLY,2
25705,4,14,BUT,WS,ONLY,1
25273,4,14,BUT,WS,ONLY,2
22702,4,14,BUT,WS,ONLY,2
22582,4,14,BUT,WS,ONLY,3
25570,4,14,BUT,WS,ONLY,3
20545,4,15,BUT,WS,NO,5
24994,4,15,BUT,WS,NO,4
21145,4,15,BUT,WS,NO,5
24178,4,15,BUT,WS,NO,5
202585,4,15,BUT,WS,NO,4
24517,4,15,BUT,WS,NO,5
25450,4,15,BUT,WS,NO,5
25705,4,15,BUT,WS,NO,5
25273,4,15,BUT,WS,NO,5
22702,4,15,BUT,WS,NO,5
22582,4,15,BUT,WS,NO,5
25570,4,15,BUT,WS,NO,5
20545,4,16,BUT,SW,ONLY,4
24994,4,16,BUT,SW,ONLY,1
21145,4,16,BUT,SW,ONLY,2
24178,4,16,BUT,SW,ONLY,1
202585,4,16,BUT,SW,ONLY,4
24517,4,16,BUT,SW,ONLY,3
25450,4,16,BUT,SW,ONLY,4
25705,4,16,BUT,SW,ONLY,4
25273,4,16,BUT,SW,ONLY,4
22702,4,16,BUT,SW,ONLY,1
22582,4,16,BUT,SW,ONLY,2
25570,4,16,BUT,SW,ONLY,3
25834,5,1,AND,WS,ONLY,4
25231,5,1,AND,WS,ONLY,5
25192,5,1,AND,WS,ONLY,2
25237,5,1,AND,WS,ONLY,3
18703,5,1,AND,WS,ONLY,2
25033,5,1,AND,WS,ONLY,4
25534,5,1,AND,WS,ONLY,4
24670,5,1,AND,WS,ONLY,5
24271,5,1,AND,WS,ONLY,2
24478,5,1,AND,WS,ONLY,2
24166,5,1,AND,WS,ONLY,1
24481,5,1,AND,WS,ONLY,4
24175,5,1,AND,WS,ONLY,5
24424,5,1,AND,WS,ONLY,5
25834,5,2,AND,WS,NO,4
25231,5,2,AND,WS,NO,5
25192,5,2,AND,WS,NO,2
25237,5,2,AND,WS,NO,5
18703,5,2,AND,WS,NO,4
25033,5,2,AND,WS,NO,5
25534,5,2,AND,WS,NO,2
24670,5,2,AND,WS,NO,5
24271,5,2,AND,WS,NO,2
24478,5,2,AND,WS,NO,5
24166,5,2,AND,WS,NO,4
24481,5,2,AND,WS,NO,5
24175,5,2,AND,WS,NO,5
24424,5,2,AND,WS,NO,5
25834,5,3,AND,SW,ONLY,2
25231,5,3,AND,SW,ONLY,2
25192,5,3,AND,SW,ONLY,3
25237,5,3,AND,SW,ONLY,3
18703,5,3,AND,SW,ONLY,2
25033,5,3,AND,SW,ONLY,4
25534,5,3,AND,SW,ONLY,4
24670,5,3,AND,SW,ONLY,3
24271,5,3,AND,SW,ONLY,5
24478,5,3,AND,SW,ONLY,2
24166,5,3,AND,SW,ONLY,1
24481,5,3,AND,SW,ONLY,1
24175,5,3,AND,SW,ONLY,1
24424,5,3,AND,SW,ONLY,1
25834,5,4,AND,SW,NO,2
25231,5,4,AND,SW,NO,1
25192,5,4,AND,SW,NO,2
25237,5,4,AND,SW,NO,1
18703,5,4,AND,SW,NO,1
25033,5,4,AND,SW,NO,4
25534,5,4,AND,SW,NO,2
24670,5,4,AND,SW,NO,4
24271,5,4,AND,SW,NO,2
24478,5,4,AND,SW,NO,4
24166,5,4,AND,SW,NO,1
24481,5,4,AND,SW,NO,5
24175,5,4,AND,SW,NO,5
24424,5,4,AND,SW,NO,5
25834,5,5,AND,WS,ONLY,1
25231,5,5,AND,WS,ONLY,2
25192,5,5,AND,WS,ONLY,2
25237,5,5,AND,WS,ONLY,4
18703,5,5,AND,WS,ONLY,4
25033,5,5,AND,WS,ONLY,2
25534,5,5,AND,WS,ONLY,4
24670,5,5,AND,WS,ONLY,5
24271,5,5,AND,WS,ONLY,4
24478,5,5,AND,WS,ONLY,4
24166,5,5,AND,WS,ONLY,3
24481,5,5,AND,WS,ONLY,1
24175,5,5,AND,WS,ONLY,1
24424,5,5,AND,WS,ONLY,2
25834,5,6,AND,WS,NO,5
25231,5,6,AND,WS,NO,5
25192,5,6,AND,WS,NO,4
25237,5,6,AND,WS,NO,4
18703,5,6,AND,WS,NO,1
25033,5,6,AND,WS,NO,5
25534,5,6,AND,WS,NO,5
24670,5,6,AND,WS,NO,5
24271,5,6,AND,WS,NO,2
24478,5,6,AND,WS,NO,5
24166,5,6,AND,WS,NO,3
24481,5,6,AND,WS,NO,5
24175,5,6,AND,WS,NO,5
24424,5,6,AND,WS,NO,5
25834,5,7,AND,SW,ONLY,3
25231,5,7,AND,SW,ONLY,5
25192,5,7,AND,SW,ONLY,2
25237,5,7,AND,SW,ONLY,5
18703,5,7,AND,SW,ONLY,3
25033,5,7,AND,SW,ONLY,5
25534,5,7,AND,SW,ONLY,4
24670,5,7,AND,SW,ONLY,5
24271,5,7,AND,SW,ONLY,2
24478,5,7,AND,SW,ONLY,5
24166,5,7,AND,SW,ONLY,2
24481,5,7,AND,SW,ONLY,2
24175,5,7,AND,SW,ONLY,4
24424,5,7,AND,SW,ONLY,5
25834,5,8,AND,SW,NO,4
25231,5,8,AND,SW,NO,5
25192,5,8,AND,SW,NO,4
25237,5,8,AND,SW,NO,4
18703,5,8,AND,SW,NO,4
25033,5,8,AND,SW,NO,5
25534,5,8,AND,SW,NO,3
24670,5,8,AND,SW,NO,4
24271,5,8,AND,SW,NO,2
24478,5,8,AND,SW,NO,2
24166,5,8,AND,SW,NO,4
24481,5,8,AND,SW,NO,5
24175,5,8,AND,SW,NO,4
24424,5,8,AND,SW,NO,4
25834,5,9,AND,WS,ONLY,3
25231,5,9,AND,WS,ONLY,2
25192,5,9,AND,WS,ONLY,1
25237,5,9,AND,WS,ONLY,2
18703,5,9,AND,WS,ONLY,3
25033,5,9,AND,WS,ONLY,3
25534,5,9,AND,WS,ONLY,3
24670,5,9,AND,WS,ONLY,4
24271,5,9,AND,WS,ONLY,3
24478,5,9,AND,WS,ONLY,2
24166,5,9,AND,WS,ONLY,1
24481,5,9,AND,WS,ONLY,1
24175,5,9,AND,WS,ONLY,4
24424,5,9,AND,WS,ONLY,4
25834,5,10,AND,WS,NO,1
25231,5,10,AND,WS,NO,3
25192,5,10,AND,WS,NO,2
25237,5,10,AND,WS,NO,4
18703,5,10,AND,WS,NO,2
25033,5,10,AND,WS,NO,4
25534,5,10,AND,WS,NO,4
24670,5,10,AND,WS,NO,5
24271,5,10,AND,WS,NO,2
24478,5,10,AND,WS,NO,3
24166,5,10,AND,WS,NO,3
24481,5,10,AND,WS,NO,4
24175,5,10,AND,WS,NO,4
24424,5,10,AND,WS,NO,5
25834,5,11,AND,SW,ONLY,1
25231,5,11,AND,SW,ONLY,2
25192,5,11,AND,SW,ONLY,2
25237,5,11,AND,SW,ONLY,3
18703,5,11,AND,SW,ONLY,1
25033,5,11,AND,SW,ONLY,2
25534,5,11,AND,SW,ONLY,2
24670,5,11,AND,SW,ONLY,3
24271,5,11,AND,SW,ONLY,3
24478,5,11,AND,SW,ONLY,4
24166,5,11,AND,SW,ONLY,3
24481,5,11,AND,SW,ONLY,1
24175,5,11,AND,SW,ONLY,2
24424,5,11,AND,SW,ONLY,4
25834,5,12,AND,SW,NO,5
25231,5,12,AND,SW,NO,4
25192,5,12,AND,SW,NO,2
25237,5,12,AND,SW,NO,4
18703,5,12,AND,SW,NO,4
25033,5,12,AND,SW,NO,4
25534,5,12,AND,SW,NO,4
24670,5,12,AND,SW,NO,4
24271,5,12,AND,SW,NO,3
24478,5,12,AND,SW,NO,3
24166,5,12,AND,SW,NO,1
24481,5,12,AND,SW,NO,5
24175,5,12,AND,SW,NO,5
24424,5,12,AND,SW,NO,5
25834,5,13,AND,WS,ONLY,2
25231,5,13,AND,WS,ONLY,5
25192,5,13,AND,WS,ONLY,2
25237,5,13,AND,WS,ONLY,2
18703,5,13,AND,WS,ONLY,1
25033,5,13,AND,WS,ONLY,5
25534,5,13,AND,WS,ONLY,3
24670,5,13,AND,WS,ONLY,4
24271,5,13,AND,WS,ONLY,3
24478,5,13,AND,WS,ONLY,2
24166,5,13,AND,WS,ONLY,4
24481,5,13,AND,WS,ONLY,4
24175,5,13,AND,WS,ONLY,3
24424,5,13,AND,WS,ONLY,4
25834,5,14,AND,WS,NO,2
25231,5,14,AND,WS,NO,4
25192,5,14,AND,WS,NO,2
25237,5,14,AND,WS,NO,3
18703,5,14,AND,WS,NO,3
25033,5,14,AND,WS,NO,4
25534,5,14,AND,WS,NO,3
24670,5,14,AND,WS,NO,5
24271,5,14,AND,WS,NO,5
24478,5,14,AND,WS,NO,4
24166,5,14,AND,WS,NO,4
24481,5,14,AND,WS,NO,5
24175,5,14,AND,WS,NO,2
24424,5,14,AND,WS,NO,5
25834,5,15,AND,SW,ONLY,2
25231,5,15,AND,SW,ONLY,5
25192,5,15,AND,SW,ONLY,3
25237,5,15,AND,SW,ONLY,4
18703,5,15,AND,SW,ONLY,2
25033,5,15,AND,SW,ONLY,4
25534,5,15,AND,SW,ONLY,4
24670,5,15,AND,SW,ONLY,5
24271,5,15,AND,SW,ONLY,2
24478,5,15,AND,SW,ONLY,3
24166,5,15,AND,SW,ONLY,1
24481,5,15,AND,SW,ONLY,3
24175,5,15,AND,SW,ONLY,5
24424,5,15,AND,SW,ONLY,4
25834,5,16,AND,SW,NO,1
25231,5,16,AND,SW,NO,2
25192,5,16,AND,SW,NO,4
25237,5,16,AND,SW,NO,4
18703,5,16,AND,SW,NO,2
25033,5,16,AND,SW,NO,5
25534,5,16,AND,SW,NO,3
24670,5,16,AND,SW,NO,5
24271,5,16,AND,SW,NO,3
24478,5,16,AND,SW,NO,4
24166,5,16,AND,SW,NO,4
24481,5,16,AND,SW,NO,5
24175,5,16,AND,SW,NO,4
24424,5,16,AND,SW,NO,5
24400,6,1,AND,WS,NO,5
24238,6,1,AND,WS,NO,2
22531,6,1,AND,WS,NO,3
25723,6,1,AND,WS,NO,1
25948,6,1,AND,WS,NO,5
24643,6,1,AND,WS,NO,1
21364,6,1,AND,WS,NO,5
22753,6,1,AND,WS,NO,5
25303,6,1,AND,WS,NO,1
24835,6,1,AND,WS,NO,5
24400,6,2,AND,SW,ONLY,3
24238,6,2,AND,SW,ONLY,1
22531,6,2,AND,SW,ONLY,5
25723,6,2,AND,SW,ONLY,5
25948,6,2,AND,SW,ONLY,2
24643,6,2,AND,SW,ONLY,4
21364,6,2,AND,SW,ONLY,4
22753,6,2,AND,SW,ONLY,4
25303,6,2,AND,SW,ONLY,2
24835,6,2,AND,SW,ONLY,4
24400,6,3,AND,SW,NO,5
24238,6,3,AND,SW,NO,1
22531,6,3,AND,SW,NO,5
25723,6,3,AND,SW,NO,2
25948,6,3,AND,SW,NO,5
24643,6,3,AND,SW,NO,3
21364,6,3,AND,SW,NO,4
22753,6,3,AND,SW,NO,5
25303,6,3,AND,SW,NO,4
24835,6,3,AND,SW,NO,5
24400,6,4,AND,WS,ONLY,5
24238,6,4,AND,WS,ONLY,1
22531,6,4,AND,WS,ONLY,5
25723,6,4,AND,WS,ONLY,4
25948,6,4,AND,WS,ONLY,2
24643,6,4,AND,WS,ONLY,3
21364,6,4,AND,WS,ONLY,3
22753,6,4,AND,WS,ONLY,1
25303,6,4,AND,WS,ONLY,5
24835,6,4,AND,WS,ONLY,3
24400,6,5,AND,WS,NO,5
24238,6,5,AND,WS,NO,1
22531,6,5,AND,WS,NO,5
25723,6,5,AND,WS,NO,3
25948,6,5,AND,WS,NO,5
24643,6,5,AND,WS,NO,4
21364,6,5,AND,WS,NO,5
22753,6,5,AND,WS,NO,5
25303,6,5,AND,WS,NO,4
24835,6,5,AND,WS,NO,5
24400,6,6,AND,SW,ONLY,3
24238,6,6,AND,SW,ONLY,1
22531,6,6,AND,SW,ONLY,2
25723,6,6,AND,SW,ONLY,1
25948,6,6,AND,SW,ONLY,5
24643,6,6,AND,SW,ONLY,1
21364,6,6,AND,SW,ONLY,4
22753,6,6,AND,SW,ONLY,3
25303,6,6,AND,SW,ONLY,3
24835,6,6,AND,SW,ONLY,3
24400,6,7,AND,SW,NO,5
24238,6,7,AND,SW,NO,2
22531,6,7,AND,SW,NO,5
25723,6,7,AND,SW,NO,3
25948,6,7,AND,SW,NO,4
24643,6,7,AND,SW,NO,5
21364,6,7,AND,SW,NO,5
22753,6,7,AND,SW,NO,4
25303,6,7,AND,SW,NO,4
24835,6,7,AND,SW,NO,4
24400,6,8,AND,WS,ONLY,4
24238,6,8,AND,WS,ONLY,1
22531,6,8,AND,WS,ONLY,4
25723,6,8,AND,WS,ONLY,1
25948,6,8,AND,WS,ONLY,2
24643,6,8,AND,WS,ONLY,3
21364,6,8,AND,WS,ONLY,4
22753,6,8,AND,WS,ONLY,3
25303,6,8,AND,WS,ONLY,3
24835,6,8,AND,WS,ONLY,5
24400,6,9,AND,WS,NO,5
24238,6,9,AND,WS,NO,2
22531,6,9,AND,WS,NO,5
25723,6,9,AND,WS,NO,5
25948,6,9,AND,WS,NO,5
24643,6,9,AND,WS,NO,2
21364,6,9,AND,WS,NO,4
22753,6,9,AND,WS,NO,5
25303,6,9,AND,WS,NO,1
24835,6,9,AND,WS,NO,5
24400,6,10,AND,SW,ONLY,4
24238,6,10,AND,SW,ONLY,1
22531,6,10,AND,SW,ONLY,1
25723,6,10,AND,SW,ONLY,2
25948,6,10,AND,SW,ONLY,5
24643,6,10,AND,SW,ONLY,4
21364,6,10,AND,SW,ONLY,4
22753,6,10,AND,SW,ONLY,3
25303,6,10,AND,SW,ONLY,1
24835,6,10,AND,SW,ONLY,3
24400,6,11,AND,SW,NO,5
24238,6,11,AND,SW,NO,1
22531,6,11,AND,SW,NO,5
25723,6,11,AND,SW,NO,1
25948,6,11,AND,SW,NO,5
24643,6,11,AND,SW,NO,5
21364,6,11,AND,SW,NO,4
22753,6,11,AND,SW,NO,4
25303,6,11,AND,SW,NO,4
24835,6,11,AND,SW,NO,5
24400,6,12,AND,WS,ONLY,2
24238,6,12,AND,WS,ONLY,2
22531,6,12,AND,WS,ONLY,3
25723,6,12,AND,WS,ONLY,4
25948,6,12,AND,WS,ONLY,2
24643,6,12,AND,WS,ONLY,4
21364,6,12,AND,WS,ONLY,3
22753,6,12,AND,WS,ONLY,2
25303,6,12,AND,WS,ONLY,1
24835,6,12,AND,WS,ONLY,4
24400,6,13,AND,WS,NO,5
24238,6,13,AND,WS,NO,1
22531,6,13,AND,WS,NO,5
25723,6,13,AND,WS,NO,5
25948,6,13,AND,WS,NO,5
24643,6,13,AND,WS,NO,5
21364,6,13,AND,WS,NO,4
22753,6,13,AND,WS,NO,3
25303,6,13,AND,WS,NO,4
24835,6,13,AND,WS,NO,5
24400,6,14,AND,SW,ONLY,3
24238,6,14,AND,SW,ONLY,1
22531,6,14,AND,SW,ONLY,5
25723,6,14,AND,SW,ONLY,2
25948,6,14,AND,SW,ONLY,4
24643,6,14,AND,SW,ONLY,2
21364,6,14,AND,SW,ONLY,3
22753,6,14,AND,SW,ONLY,2
25303,6,14,AND,SW,ONLY,1
24835,6,14,AND,SW,ONLY,2
24400,6,15,AND,SW,NO,5
24238,6,15,AND,SW,NO,2
22531,6,15,AND,SW,NO,5
25723,6,15,AND,SW,NO,5
25948,6,15,AND,SW,NO,5
24643,6,15,AND,SW,NO,5
21364,6,15,AND,SW,NO,5
22753,6,15,AND,SW,NO,4
25303,6,15,AND,SW,NO,4
24835,6,15,AND,SW,NO,5
24400,6,16,AND,WS,ONLY,5
24238,6,16,AND,WS,ONLY,1
22531,6,16,AND,WS,ONLY,5
25723,6,16,AND,WS,ONLY,1
25948,6,16,AND,WS,ONLY,5
24643,6,16,AND,WS,ONLY,5
21364,6,16,AND,WS,ONLY,4
22753,6,16,AND,WS,ONLY,2
25303,6,16,AND,WS,ONLY,4
24835,6,16,AND,WS,ONLY,5
23551,7,1,AND,SW,ONLY,3
24706,7,1,AND,SW,ONLY,5
24478,7,1,AND,SW,ONLY,5
24613,7,1,AND,SW,ONLY,5
204511,7,1,AND,SW,ONLY,2
25588,7,1,AND,SW,ONLY,2
16789,7,1,AND,SW,ONLY,4
19090,7,1,AND,SW,ONLY,5
23389,7,1,AND,SW,ONLY,5
24688,7,1,AND,SW,ONLY,4
24739,7,1,AND,SW,ONLY,2
25699,7,1,AND,SW,ONLY,4
25828,7,1,AND,SW,ONLY,3
25162,7,1,AND,SW,ONLY,3
23551,7,2,AND,SW,NO,3
24706,7,2,AND,SW,NO,5
24478,7,2,AND,SW,NO,5
24613,7,2,AND,SW,NO,3
204511,7,2,AND,SW,NO,2
25588,7,2,AND,SW,NO,5
16789,7,2,AND,SW,NO,2
19090,7,2,AND,SW,NO,3
23389,7,2,AND,SW,NO,5
24688,7,2,AND,SW,NO,4
24739,7,2,AND,SW,NO,5
25699,7,2,AND,SW,NO,3
25828,7,2,AND,SW,NO,2
25162,7,2,AND,SW,NO,2
23551,7,3,AND,WS,ONLY,2
24706,7,3,AND,WS,ONLY,3
24478,7,3,AND,WS,ONLY,5
24613,7,3,AND,WS,ONLY,3
204511,7,3,AND,WS,ONLY,3
25588,7,3,AND,WS,ONLY,3
16789,7,3,AND,WS,ONLY,3
19090,7,3,AND,WS,ONLY,3
23389,7,3,AND,WS,ONLY,2
24688,7,3,AND,WS,ONLY,1
24739,7,3,AND,WS,ONLY,5
25699,7,3,AND,WS,ONLY,1
25828,7,3,AND,WS,ONLY,2
25162,7,3,AND,WS,ONLY,1
23551,7,4,AND,WS,NO,1
24706,7,4,AND,WS,NO,5
24478,7,4,AND,WS,NO,4
24613,7,4,AND,WS,NO,2
204511,7,4,AND,WS,NO,5
25588,7,4,AND,WS,NO,3
16789,7,4,AND,WS,NO,3
19090,7,4,AND,WS,NO,3
23389,7,4,AND,WS,NO,3
24688,7,4,AND,WS,NO,5
24739,7,4,AND,WS,NO,1
25699,7,4,AND,WS,NO,5
25828,7,4,AND,WS,NO,5
25162,7,4,AND,WS,NO,4
23551,7,5,AND,SW,ONLY,2
24706,7,5,AND,SW,ONLY,3
24478,7,5,AND,SW,ONLY,4
24613,7,5,AND,SW,ONLY,3
204511,7,5,AND,SW,ONLY,2
25588,7,5,AND,SW,ONLY,2
16789,7,5,AND,SW,ONLY,2
19090,7,5,AND,SW,ONLY,5
23389,7,5,AND,SW,ONLY,5
24688,7,5,AND,SW,ONLY,3
24739,7,5,AND,SW,ONLY,5
25699,7,5,AND,SW,ONLY,3
25828,7,5,AND,SW,ONLY,3
25162,7,5,AND,SW,ONLY,2
23551,7,6,AND,SW,NO,4
24706,7,6,AND,SW,NO,4
24478,7,6,AND,SW,NO,4
24613,7,6,AND,SW,NO,2
204511,7,6,AND,SW,NO,5
25588,7,6,AND,SW,NO,5
16789,7,6,AND,SW,NO,5
19090,7,6,AND,SW,NO,5
23389,7,6,AND,SW,NO,5
24688,7,6,AND,SW,NO,5
24739,7,6,AND,SW,NO,5
25699,7,6,AND,SW,NO,3
25828,7,6,AND,SW,NO,5
25162,7,6,AND,SW,NO,4
23551,7,7,AND,WS,ONLY,2
24706,7,7,AND,WS,ONLY,4
24478,7,7,AND,WS,ONLY,5
24613,7,7,AND,WS,ONLY,5
204511,7,7,AND,WS,ONLY,3
25588,7,7,AND,WS,ONLY,3
16789,7,7,AND,WS,ONLY,5
19090,7,7,AND,WS,ONLY,4
23389,7,7,AND,WS,ONLY,5
24688,7,7,AND,WS,ONLY,5
24739,7,7,AND,WS,ONLY,3
25699,7,7,AND,WS,ONLY,2
25828,7,7,AND,WS,ONLY,5
25162,7,7,AND,WS,ONLY,2
23551,7,8,AND,WS,NO,4
24706,7,8,AND,WS,NO,5
24478,7,8,AND,WS,NO,3
24613,7,8,AND,WS,NO,4
204511,7,8,AND,WS,NO,3
25588,7,8,AND,WS,NO,3
16789,7,8,AND,WS,NO,5
19090,7,8,AND,WS,NO,5
23389,7,8,AND,WS,NO,5
24688,7,8,AND,WS,NO,4
24739,7,8,AND,WS,NO,1
25699,7,8,AND,WS,NO,4
25828,7,8,AND,WS,NO,5
25162,7,8,AND,WS,NO,3
23551,7,9,AND,SW,ONLY,3
24706,7,9,AND,SW,ONLY,2
24478,7,9,AND,SW,ONLY,2
24613,7,9,AND,SW,ONLY,2
204511,7,9,AND,SW,ONLY,3
25588,7,9,AND,SW,ONLY,5
16789,7,9,AND,SW,ONLY,4
19090,7,9,AND,SW,ONLY,4
23389,7,9,AND,SW,ONLY,3
24688,7,9,AND,SW,ONLY,1
24739,7,9,AND,SW,ONLY,2
25699,7,9,AND,SW,ONLY,4
25828,7,9,AND,SW,ONLY,2
25162,7,9,AND,SW,ONLY,2
23551,7,10,AND,SW,NO,4
24706,7,10,AND,SW,NO,5
24478,7,10,AND,SW,NO,2
24613,7,10,AND,SW,NO,4
204511,7,10,AND,SW,NO,2
25588,7,10,AND,SW,NO,4
16789,7,10,AND,SW,NO,4
19090,7,10,AND,SW,NO,4
23389,7,10,AND,SW,NO,5
24688,7,10,AND,SW,NO,5
24739,7,10,AND,SW,NO,5
25699,7,10,AND,SW,NO,4
25828,7,10,AND,SW,NO,5
25162,7,10,AND,SW,NO,5
23551,7,11,AND,WS,ONLY,1
24706,7,11,AND,WS,ONLY,3
24478,7,11,AND,WS,ONLY,4
24613,7,11,AND,WS,ONLY,5
204511,7,11,AND,WS,ONLY,1
25588,7,11,AND,WS,ONLY,2
16789,7,11,AND,WS,ONLY,4
19090,7,11,AND,WS,ONLY,3
23389,7,11,AND,WS,ONLY,3
24688,7,11,AND,WS,ONLY,4
24739,7,11,AND,WS,ONLY,1
25699,7,11,AND,WS,ONLY,3
25828,7,11,AND,WS,ONLY,3
25162,7,11,AND,WS,ONLY,2
23551,7,12,AND,WS,NO,2
24706,7,12,AND,WS,NO,4
24478,7,12,AND,WS,NO,5
24613,7,12,AND,WS,NO,5
204511,7,12,AND,WS,NO,3
25588,7,12,AND,WS,NO,4
16789,7,12,AND,WS,NO,4
19090,7,12,AND,WS,NO,5
23389,7,12,AND,WS,NO,5
24688,7,12,AND,WS,NO,5
24739,7,12,AND,WS,NO,5
25699,7,12,AND,WS,NO,5
25828,7,12,AND,WS,NO,1
25162,7,12,AND,WS,NO,4
23551,7,13,AND,SW,ONLY,2
24706,7,13,AND,SW,ONLY,3
24478,7,13,AND,SW,ONLY,3
24613,7,13,AND,SW,ONLY,4
204511,7,13,AND,SW,ONLY,2
25588,7,13,AND,SW,ONLY,2
16789,7,13,AND,SW,ONLY,3
19090,7,13,AND,SW,ONLY,3
23389,7,13,AND,SW,ONLY,3
24688,7,13,AND,SW,ONLY,5
24739,7,13,AND,SW,ONLY,5
25699,7,13,AND,SW,ONLY,3
25828,7,13,AND,SW,ONLY,5
25162,7,13,AND,SW,ONLY,2
23551,7,14,AND,SW,NO,2
24706,7,14,AND,SW,NO,4
24478,7,14,AND,SW,NO,3
24613,7,14,AND,SW,NO,4
204511,7,14,AND,SW,NO,4
25588,7,14,AND,SW,NO,4
16789,7,14,AND,SW,NO,4
19090,7,14,AND,SW,NO,3
23389,7,14,AND,SW,NO,5
24688,7,14,AND,SW,NO,5
24739,7,14,AND,SW,NO,5
25699,7,14,AND,SW,NO,3
25828,7,14,AND,SW,NO,2
25162,7,14,AND,SW,NO,2
23551,7,15,AND,WS,ONLY,2
24706,7,15,AND,WS,ONLY,5
24478,7,15,AND,WS,ONLY,4
24613,7,15,AND,WS,ONLY,3
204511,7,15,AND,WS,ONLY,4
25588,7,15,AND,WS,ONLY,4
16789,7,15,AND,WS,ONLY,5
19090,7,15,AND,WS,ONLY,3
23389,7,15,AND,WS,ONLY,5
24688,7,15,AND,WS,ONLY,5
24739,7,15,AND,WS,ONLY,1
25699,7,15,AND,WS,ONLY,4
25828,7,15,AND,WS,ONLY,3
25162,7,15,AND,WS,ONLY,3
23551,7,16,AND,WS,NO,3
24706,7,16,AND,WS,NO,5
24478,7,16,AND,WS,NO,5
24613,7,16,AND,WS,NO,4
204511,7,16,AND,WS,NO,5
25588,7,16,AND,WS,NO,2
16789,7,16,AND,WS,NO,5
19090,7,16,AND,WS,NO,5
23389,7,16,AND,WS,NO,5
24688,7,16,AND,WS,NO,4
24739,7,16,AND,WS,NO,3
25699,7,16,AND,WS,NO,4
25828,7,16,AND,WS,NO,5
25162,7,16,AND,WS,NO,3
23599,8,1,AND,SW,NO,5
24793,8,1,AND,SW,NO,2
22696,8,1,AND,SW,NO,3
24733,8,1,AND,SW,NO,4
20047,8,1,AND,SW,NO,5
23284,8,1,AND,SW,NO,4
25225,8,1,AND,SW,NO,5
23599,8,2,AND,WS,ONLY,4
24793,8,2,AND,WS,ONLY,1
22696,8,2,AND,WS,ONLY,2
24733,8,2,AND,WS,ONLY,4
20047,8,2,AND,WS,ONLY,1
23284,8,2,AND,WS,ONLY,2
25225,8,2,AND,WS,ONLY,5
23599,8,3,AND,WS,NO,5
24793,8,3,AND,WS,NO,3
22696,8,3,AND,WS,NO,4
24733,8,3,AND,WS,NO,5
20047,8,3,AND,WS,NO,4
23284,8,3,AND,WS,NO,5
25225,8,3,AND,WS,NO,3
23599,8,4,AND,SW,ONLY,2
24793,8,4,AND,SW,ONLY,2
22696,8,4,AND,SW,ONLY,3
24733,8,4,AND,SW,ONLY,2
20047,8,4,AND,SW,ONLY,2
23284,8,4,AND,SW,ONLY,4
25225,8,4,AND,SW,ONLY,4
23599,8,5,AND,SW,NO,3
24793,8,5,AND,SW,NO,1
22696,8,5,AND,SW,NO,4
24733,8,5,AND,SW,NO,3
20047,8,5,AND,SW,NO,4
23284,8,5,AND,SW,NO,4
25225,8,5,AND,SW,NO,4
23599,8,6,AND,WS,ONLY,2
24793,8,6,AND,WS,ONLY,1
22696,8,6,AND,WS,ONLY,3
24733,8,6,AND,WS,ONLY,3
20047,8,6,AND,WS,ONLY,5
23284,8,6,AND,WS,ONLY,2
25225,8,6,AND,WS,ONLY,3
23599,8,7,AND,WS,NO,5
24793,8,7,AND,WS,NO,3
22696,8,7,AND,WS,NO,4
24733,8,7,AND,WS,NO,5
20047,8,7,AND,WS,NO,5
23284,8,7,AND,WS,NO,4
25225,8,7,AND,WS,NO,5
23599,8,8,AND,SW,ONLY,5
24793,8,8,AND,SW,ONLY,1
22696,8,8,AND,SW,ONLY,4
24733,8,8,AND,SW,ONLY,3
20047,8,8,AND,SW,ONLY,2
23284,8,8,AND,SW,ONLY,3
25225,8,8,AND,SW,ONLY,2
23599,8,9,AND,SW,NO,5
24793,8,9,AND,SW,NO,4
22696,8,9,AND,SW,NO,3
24733,8,9,AND,SW,NO,4
20047,8,9,AND,SW,NO,4
23284,8,9,AND,SW,NO,4
25225,8,9,AND,SW,NO,5
23599,8,10,AND,WS,ONLY,4
24793,8,10,AND,WS,ONLY,2
22696,8,10,AND,WS,ONLY,2
24733,8,10,AND,WS,ONLY,1
20047,8,10,AND,WS,ONLY,3
23284,8,10,AND,WS,ONLY,3
25225,8,10,AND,WS,ONLY,3
23599,8,11,AND,WS,NO,5
24793,8,11,AND,WS,NO,2
22696,8,11,AND,WS,NO,5
24733,8,11,AND,WS,NO,5
20047,8,11,AND,WS,NO,5
23284,8,11,AND,WS,NO,4
25225,8,11,AND,WS,NO,4
23599,8,12,AND,SW,ONLY,4
24793,8,12,AND,SW,ONLY,1
22696,8,12,AND,SW,ONLY,4
24733,8,12,AND,SW,ONLY,2
20047,8,12,AND,SW,ONLY,4
23284,8,12,AND,SW,ONLY,4
25225,8,12,AND,SW,ONLY,5
23599,8,13,AND,SW,NO,5
24793,8,13,AND,SW,NO,5
22696,8,13,AND,SW,NO,5
24733,8,13,AND,SW,NO,4
20047,8,13,AND,SW,NO,5
23284,8,13,AND,SW,NO,4
25225,8,13,AND,SW,NO,4
23599,8,14,AND,WS,ONLY,2
24793,8,14,AND,WS,ONLY,1
22696,8,14,AND,WS,ONLY,3
24733,8,14,AND,WS,ONLY,3
20047,8,14,AND,WS,ONLY,4
23284,8,14,AND,WS,ONLY,4
25225,8,14,AND,WS,ONLY,3
23599,8,15,AND,WS,NO,4
24793,8,15,AND,WS,NO,3
22696,8,15,AND,WS,NO,5
24733,8,15,AND,WS,NO,5
20047,8,15,AND,WS,NO,5
23284,8,15,AND,WS,NO,4
25225,8,15,AND,WS,NO,4
23599,8,16,AND,SW,ONLY,4
24793,8,16,AND,SW,ONLY,2
22696,8,16,AND,SW,ONLY,3
24733,8,16,AND,SW,ONLY,3
20047,8,16,AND,SW,ONLY,3
23284,8,16,AND,SW,ONLY,4
25225,8,16,AND,SW,ONLY,4